scheme,lambda,class_m,sigma_min_block,sigma_max_block,min_node_gap
uw1,1.0,1,0.06391742417239214,0.9751914443789799,0.9999999999999989
uw1,1.0,2,0.11886806295456084,0.9028925780587774,0.9999999999999997
uw1,1.0,3,0.15699656709969043,0.7892750419084593,0.9999999999999997
uw1,1.0,4,0.17254603006834712,0.6439505508593791,0.9999999999999997
uw1,1.0,5,0.15699656709969045,0.7892750419084593,0.9999999999999997
uw1,1.0,6,0.11886806295456076,0.9028925780587778,0.9999999999999997
uw1,1.0,7,0.06391742417239216,0.9751914443789799,0.9999999999999997
uw1,0.9,1,0.03153482935827356,0.9735334240816866,0.899999999999999
uw1,0.9,2,0.058304419741476064,0.8970074480189518,0.8999999999999997
uw1,0.9,3,0.07622549618613542,0.7791455229002495,0.8999999999999998
uw1,0.9,4,0.08252716726261207,0.6594420805679311,0.8999999999999997
uw1,0.9,5,0.07622549618613536,0.7791455229002493,0.8999999999999998
uw1,0.9,6,0.058304419741476106,0.8970074480189517,0.8999999999999997
uw1,0.9,7,0.031534829358273564,0.9735334240816866,0.8999999999999998
uw1,0.5,1,0.0005987231212840079,0.9743454201561265,0.4999999999999995
uw1,0.5,2,0.001106323710088658,0.9045486712870213,0.4999999999999999
uw1,0.5,3,0.001445517698141439,0.8156334635221393,0.49999999999999983
uw1,0.5,4,0.0015646332733879665,0.767068802589794,0.49999999999999983
uw1,0.5,5,0.0014455176981414454,0.8156334635221391,0.4999999999999999
uw1,0.5,6,0.0011063237100886576,0.9045486712870221,0.4999999999999999
uw1,0.5,7,0.0005987231212840093,0.9743454201561265,0.49999999999999983
uw1,0.1,1,7.14278774474198e-08,0.9903536829690764,0.09999999999999987
uw1,0.1,2,1.3198150983911013e-07,0.9665205059731249,0.09999999999999996
uw1,0.1,3,1.7244215512875254e-07,0.9418393324585697,0.09999999999999999
uw1,0.1,4,1.8665004475726238e-07,0.9313413218410773,0.09999999999999995
uw1,0.1,5,1.7244215512885273e-07,0.9418393324585683,0.09999999999999999
uw1,0.1,6,1.31981509838949e-07,0.9665205059731252,0.09999999999999994
uw1,0.1,7,7.142787744843429e-08,0.9903536829690764,0.09999999999999998
uw1,0.05,1,1.988945949727871e-09,0.9946110438825833,0.04999999999999993
uw1,0.05,2,3.675092913451658e-09,0.9814557500818887,0.05
uw1,0.05,3,4.801740295979358e-09,0.9680860109687225,0.0499999999999999
uw1,0.05,4,5.1973662480577736e-09,0.9624824213780679,0.049999999999999975
uw1,0.05,5,4.80174029211378e-09,0.9680860109687215,0.049999999999999906
uw1,0.05,6,3.6750929097734753e-09,0.9814557500818888,0.04999999999999999
uw1,0.05,7,1.988945951240189e-09,0.9946110438825834,0.04999999999999994
uw1,0.01,1,5.811549395291345e-13,0.9988109632958919,0.009999999999999993
uw1,0.01,2,1.0738383231723954e-12,0.9959342975244055,0.01
uw1,0.01,3,1.4030321517663303e-12,0.9930489725525521,0.009999999999999981
uw1,0.01,4,1.5186334242872152e-12,0.9918512764321041,0.009999999999999997
uw1,0.01,5,1.4030359192638487e-12,0.9930489725525502,0.009999999999999981
uw1,0.01,6,1.0738299897308198e-12,0.9959342975244062,0.009999999999999998
uw1,0.01,7,5.811600939233081e-13,0.9988109632958927,0.009999999999999992
uw1,0.001,1,1.4195191575816506e-15,0.999878281737364,0.0009999999999999723
uw1,0.001,2,2.3696787307288224e-15,0.9995843665353235,0.0009999999999999944
uw1,0.001,3,2.708310786039308e-15,0.9992903645493909,0.0009999999999999569
uw1,0.001,4,1.5956234882877629e-15,0.9991685595028416,0.0009999999999999996
uw1,0.001,5,2.2389681345402098e-15,0.9992903645493891,0.0009999999999999567
uw1,0.001,6,1.6605614701894724e-15,0.9995843665353236,0.0009999999999999942
uw1,0.001,7,2.3060954146775592e-15,0.9998782817373643,0.000999999999999972
lw,1.0,1,0.06391742417239214,0.9751914443789799,0.9999999999999989
lw,1.0,2,0.11886806295456084,0.9028925780587774,0.9999999999999997
lw,1.0,3,0.15699656709969043,0.7892750419084593,0.9999999999999997
lw,1.0,4,0.17254603006834712,0.6439505508593791,0.9999999999999997
lw,1.0,5,0.15699656709969045,0.7892750419084593,0.9999999999999997
lw,1.0,6,0.11886806295456076,0.9028925780587778,0.9999999999999997
lw,1.0,7,0.06391742417239216,0.9751914443789799,0.9999999999999997
lw,0.9,1,0.01753686507493286,0.9755982002922328,0.8116169094265192
lw,0.9,2,0.032482189269372214,0.9044435828278422,0.8163389891330604
lw,0.9,3,0.04254435292520571,0.7932018825291982,0.823794958219395
lw,0.9,4,0.04609712001657054,0.6800016709796403,0.8334116629853459
lw,0.9,5,0.04254435292520565,0.7932018825291977,0.8237949582193952
lw,0.9,6,0.03248218926937225,0.9044435828278423,0.8163389891330607
lw,0.9,7,0.017536865074932864,0.9755982002922331,0.8116169094265199
lw,0.5,1,6.556998367113799e-05,0.983960414161581,0.2563092932092001
lw,0.5,2,0.00012137227521408621,0.9387833327065302,0.27397101743653257
lw,0.5,3,0.0001584270364073111,0.8788675036108099,0.2999312242227559
lw,0.5,4,0.00017127331165255925,0.8459540287187509,0.3307189138830738
lw,0.5,5,0.0001584270364073056,0.8788675036108095,0.29993122422275603
lw,0.5,6,0.00012137227521408213,0.9387833327065307,0.27397101743653257
lw,0.5,7,6.556998367113495e-05,0.9839604141615813,0.25630929320920015
lw,0.1,1,2.353208294394707e-09,0.9989104056669449,0.016391069515718427
lw,0.1,2,5.41418122617026e-09,0.9959923307308207,0.02762560861351341
lw,0.1,3,5.681154706640379e-09,0.9926556604516659,0.028390165191617626
lw,0.1,4,4.123040314915537e-09,0.9911469335856838,0.017320508075688745
lw,0.1,5,5.681154710546997e-09,0.9926556604516642,0.02839016519161759
lw,0.1,6,5.414181228497142e-09,0.9959923307308212,0.027625608613513437
lw,0.1,7,2.3532082885709016e-09,0.9989104056669452,0.016391069515718427
lw,0.05,1,6.016944266906623e-11,0.9997220180724998,0.006981134244935995
lw,0.05,2,1.5094618965605814e-10,0.9989792213998553,0.013164329631860384
lw,0.05,3,1.4526190191833176e-10,0.9981342912643356,0.012091679206688135
lw,0.05,4,6.223545654407298e-11,0.9977541482492843,0.004330127018922103
lw,0.05,5,1.4526189022693841e-10,0.9981342912643343,0.012091679206688131
lw,0.05,6,1.5094618769120187e-10,0.9989792213998551,0.013164329631860398
lw,0.05,7,6.016943924233169e-11,0.9997220180725003,0.006981134244936021
lw,0.01,1,1.7958922788153352e-14,0.9999888076504055,0.0013090218923600943
lw,0.01,2,4.650012369781385e-14,0.9999589223619488,0.002589992265972429
lw,0.01,3,4.308952236141651e-14,0.9999249847625402,0.0022672924257876596
lw,0.01,4,4.342048317345803e-15,0.9999097400608408,0.0001732050807570218
lw,0.01,5,4.306776132648324e-14,0.9999249847625387,0.002267292425787656
lw,0.01,6,4.652770636313397e-14,0.9999589223619493,0.002589992265972428
lw,0.01,7,1.7928227213558408e-14,0.9999888076504061,0.0013090218923600995
lw,0.001,1,2.1291874124746632e-15,0.9999998880461908,0.00013052995755143335
lw,0.001,2,1.168307971234944e-15,0.9999995891214026,0.00025882084753837454
lw,0.001,3,2.310082625643676e-15,0.9999992496872167,0.00022608451838889085
lw,0.001,4,4.339868046806754e-16,0.9999990972240045,1.7320508075568952e-06
lw,0.001,5,1.9422704823977485e-15,0.9999992496872148,0.00022608451838889042
lw,0.001,6,1.843079508814366e-15,0.9999995891214027,0.00025882084753837476
lw,0.001,7,1.7681153394976891e-15,0.9999998880461913,0.0001305299575514339
bw,1.0,1,0.06391742417239214,0.9751914443789799,0.9999999999999989
bw,1.0,2,0.11886806295456084,0.9028925780587774,0.9999999999999997
bw,1.0,3,0.15699656709969043,0.7892750419084593,0.9999999999999997
bw,1.0,4,0.17254603006834712,0.6439505508593791,0.9999999999999997
bw,1.0,5,0.15699656709969045,0.7892750419084593,0.9999999999999997
bw,1.0,6,0.11886806295456076,0.9028925780587778,0.9999999999999997
bw,1.0,7,0.06391742417239216,0.9751914443789799,0.9999999999999997
bw,0.9,1,0.05945855566651814,0.9753621433575359,0.9184751599944976
bw,0.9,2,0.11007612428544476,0.9037124667623796,0.9149359511320577
bw,0.9,3,0.14412764077023643,0.7921372220777937,0.9127812175068547
bw,0.9,4,0.15615180818958635,0.6777976456263434,0.912057713659401
bw,0.9,5,0.1441276407702363,0.7921372220777936,0.9127812175068543
bw,0.9,6,0.11007612428544494,0.9037124667623793,0.9149359511320581
bw,0.9,7,0.059458555666518205,0.9753621433575359,0.918475159994497
bw,0.5,1,0.008779048999630645,0.9804211821657152,0.5561801152084421
bw,0.5,2,0.01618904482359456,0.9264765939774728,0.5437659295122508
bw,0.5,3,0.02110987675860266,0.856649114802496,0.536091257482835
bw,0.5,4,0.022830390547409426,0.8184263043866332,0.5334936490538905
bw,0.5,5,0.02110987675860267,0.8566491148024958,0.5360912574828347
bw,0.5,6,0.01618904482359457,0.9264765939774734,0.5437659295122511
bw,0.5,7,0.008779048999630654,0.9804211821657156,0.5561801152084418
bw,0.1,1,2.566744471723972e-06,0.9924228763602342,0.12170239288715218
bw,0.1,2,4.721792123488087e-06,0.9736417386878162,0.11647378422703956
bw,0.1,3,6.141965948966925e-06,0.9540944549719318,0.11318267480085847
bw,0.1,4,6.635751747342081e-06,0.945747408324763,0.11205771365940057
bw,0.1,5,6.141965948965926e-06,0.9540944549719305,0.1131826748008584
bw,0.1,6,4.721792123479164e-06,0.973641738687816,0.11647378422703962
bw,0.1,7,2.5667444717301238e-06,0.9924228763602343,0.12170239288715205
bw,0.05,1,7.516158143077517e-08,0.9953631745461762,0.06154252284125109
bw,0.05,2,1.381233043646994e-07,0.9840314588245815,0.058738447686575414
bw,0.05,3,1.7947812136842807e-07,0.9724955707437789,0.05696931417731236
bw,0.05,4,1.9382264681097376e-07,0.9676543461943856,0.05636379332023919
bw,0.05,5,1.794781213633287e-07,0.9724955707437776,0.05696931417731232
bw,0.05,6,1.3812330435958993e-07,0.9840314588245817,0.058738447686575435
bw,0.05,7,7.516158143744789e-08,0.9953631745461767,0.06154252284125101
bw,0.01,1,2.2706352191004442e-11,0.9988528812237116,0.012420179496760022
bw,0.01,2,4.1688001022629635e-11,0.9960774580097377,0.011828497199612006
bw,0.01,3,5.411851289764059e-11,0.9932934329553331,0.011454494826450237
bw,0.01,4,5.842092219511654e-11,0.9921377120837819,0.011326348502534063
bw,0.01,5,5.411852127296989e-11,0.9932934329553315,0.01145449482645023
bw,0.01,6,4.16880031913299e-11,0.9960774580097377,0.011828497199612011
bw,0.01,7,2.270633831139491e-11,0.9988528812237117,0.012420179496760012
bw,0.001,1,2.6822323773987885e-15,0.9998787353413883,0.001244543365214652
bw,0.001,2,2.5024066869482464e-15,0.9995859152685671,0.0011846746219272986
bw,0.001,3,3.580268660889476e-15,0.9992930084568514,0.0011468155849047785
bw,0.001,4,4.037790201392644e-15,0.9991716570593244,0.0011338406216193464
bw,0.001,5,2.4909181360093174e-15,0.9992930084568498,0.0011468155849047779
bw,0.001,6,3.779119139615608e-15,0.9995859152685668,0.0011846746219272993
bw,0.001,7,2.722909858986958e-15,0.9998787353413884,0.0012445433652146507
fromm,1.0,1,0.06391742417239214,0.9751914443789799,0.9999999999999989
fromm,1.0,2,0.11886806295456084,0.9028925780587774,0.9999999999999997
fromm,1.0,3,0.15699656709969043,0.7892750419084593,0.9999999999999997
fromm,1.0,4,0.17254603006834712,0.6439505508593791,0.9999999999999997
fromm,1.0,5,0.15699656709969045,0.7892750419084593,0.9999999999999997
fromm,1.0,6,0.11886806295456076,0.9028925780587778,0.9999999999999997
fromm,1.0,7,0.06391742417239216,0.9751914443789799,0.9999999999999997
fromm,0.9,1,0.03320174832457795,0.9754683962923666,0.8967827517230283
fromm,0.9,2,0.06148545448318071,0.9040321905866546,0.8942655533808141
fromm,0.9,3,0.08051866255816209,0.7925757822486966,0.8931864736048685
fromm,0.9,4,0.08723714696807541,0.67882223456684,0.8933520145318203
fromm,0.9,5,0.08051866255816209,0.7925757822486968,0.8931864736048687
fromm,0.9,6,0.06148545448318075,0.9040321905866546,0.8942655533808145
fromm,0.9,7,0.033201748324577965,0.9754683962923663,0.8967827517230291
fromm,0.5,1,0.0010553144615215624,0.9817871147902439,0.5033853576479458
fromm,0.5,2,0.0019505566236486726,0.9311723933504479,0.49918626449527337
fromm,0.5,3,0.0025492889159339526,0.8649200989264003,0.4982061643965068
fromm,0.5,4,0.0027596707995060916,0.8284800209380001,0.4995139995340855
fromm,0.5,5,0.002549288915933959,0.8649200989264001,0.49820616439650706
fromm,0.5,6,0.0019505566236486707,0.9311723933504478,0.49918626449527365
fromm,0.5,7,0.0010553144615215626,0.9817871147902442,0.503385357647946
fromm,0.1,1,2.477534578172054e-07,0.9949212545679234,0.10550564635840826
fromm,0.1,2,4.5622785719251705e-07,0.9822946557184192,0.10500549032673981
fromm,0.1,3,5.940434742541121e-07,0.9691055778901962,0.10535510468875757
fromm,0.1,4,6.420679307927309e-07,0.9634625102483056,0.1060288568297003
fromm,0.1,5,5.940434742533405e-07,0.9691055778901949,0.1053551046887576
fromm,0.1,6,4.562278571964138e-07,0.9822946557184193,0.10500549032674
fromm,0.1,7,2.4775345782056097e-07,0.9949212545679238,0.10550564635840849
fromm,0.05,1,7.509390045439908e-09,0.9972448554677622,0.05317733752441322
fromm,0.05,2,1.3817268928214726e-08,0.9905007526379724,0.05297707259454161
fromm,0.05,3,1.7976825562747276e-08,0.9836202632809281,0.053204563581096355
fromm,0.05,4,1.9423713691999088e-08,0.9807286318846576,0.053181896660119604
fromm,0.05,5,1.797682556658876e-08,0.9836202632809268,0.05320456358109636
fromm,0.05,6,1.3817268927540567e-08,0.9905007526379731,0.052977072594541624
fromm,0.05,7,7.509390042229643e-09,0.9972448554677628,0.05317733752441325
fromm,0.01,1,2.3468468794817006e-12,0.9994032316535737,0.010707047213257924
fromm,0.01,2,4.315198900760946e-12,0.9979588100727005,0.010675781064040817
fromm,0.01,3,5.610324387436436e-12,0.9965091215401697,0.010683138510238319
fromm,0.01,4,6.060145425862198e-12,0.9959070861025751,0.010663174251267032
fromm,0.01,5,5.610331241665916e-12,0.9965091215401684,0.010683138510238313
fromm,0.01,6,4.315187759146263e-12,0.9979588100727007,0.010675781064040976
fromm,0.01,7,2.346848461842804e-12,0.9994032316535744,0.01070704721325793
fromm,0.001,1,2.069754350839306e-15,0.9999391188773868,0.0010723593365141297
fromm,0.001,2,2.0043726292460787e-15,0.9997921020021764,0.0010694401556175467
fromm,0.001,3,3.073575087900609e-15,0.9996450329824446,0.0010689929186152687
fromm,0.001,4,3.236055156910977e-15,0.999584099715295,0.0010669203108096734
fromm,0.001,5,2.373775161881055e-15,0.9996450329824426,0.0010689929186152682
fromm,0.001,6,3.360372002787681e-15,0.9997921020021764,0.001069440155617547
fromm,0.001,7,2.65251688088415e-15,0.9999391188773874,0.00107235933651413
ub3,1.0,1,0.06391742417239214,0.9751914443789799,0.9999999999999989
ub3,1.0,2,0.11886806295456084,0.9028925780587774,0.9999999999999997
ub3,1.0,3,0.15699656709969043,0.7892750419084593,0.9999999999999997
ub3,1.0,4,0.17254603006834712,0.6439505508593791,0.9999999999999997
ub3,1.0,5,0.15699656709969045,0.7892750419084593,0.9999999999999997
ub3,1.0,6,0.11886806295456076,0.9028925780587778,0.9999999999999997
ub3,1.0,7,0.06391742417239216,0.9751914443789799,0.9999999999999997
ub3,0.9,1,0.039077524829005096,0.9754364394715013,0.9067747898961371
ub3,0.9,2,0.07236090590073506,0.9039332180108047,0.9070525823311172
ub3,0.9,3,0.09475431940829881,0.7924320508510274,0.9075598792530897
ub3,0.9,4,0.10265819808518986,0.6785331344266435,0.9076365519842873
ub3,0.9,5,0.09475431940829883,0.7924320508510275,0.9075598792530892
ub3,0.9,6,0.07236090590073507,0.9039332180108048,0.907052582331117
ub3,0.9,7,0.0390775248290051,0.975436439471501,0.9067747898961376
ub3,0.5,1,0.0010553144615215624,0.9817871147902439,0.5033853576479457
ub3,0.5,2,0.0019505566236486726,0.9311723933504479,0.49918626449527337
ub3,0.5,3,0.0025492889159339526,0.8649200989264003,0.4982061643965069
ub3,0.5,4,0.0027596707995060916,0.8284800209380001,0.49951399953408565
ub3,0.5,5,0.002549288915933959,0.8649200989264001,0.49820616439650706
ub3,0.5,6,0.0019505566236486707,0.9311723933504478,0.49918626449527365
ub3,0.5,7,0.0010553144615215626,0.9817871147902442,0.503385357647946
ub3,0.1,1,1.024629964304069e-07,0.9957959308346869,0.08148295390475574
ub3,0.1,2,1.889769187667174e-07,0.9853086290388791,0.08364641041919253
ub3,0.1,3,2.4634607791240895e-07,0.9743062137860052,0.08692872398605439
ub3,0.1,4,2.6635688537632804e-07,0.9695856210058946,0.09062839058246527
ub3,0.1,5,2.4634607791431435e-07,0.9743062137860036,0.08692872398605442
ub3,0.1,6,1.8897691876319048e-07,0.9853086290388793,0.08364641041919249
ub3,0.1,7,1.0246299643014694e-07,0.9957959308346872,0.0814829539047557
ub3,0.05,1,2.696457728197884e-09,0.9979151261690388,0.03894778190123902
ub3,0.05,2,4.972844793435507e-09,0.9927985662156282,0.040372395284972204
ub3,0.05,3,6.47985305627275e-09,0.9875601824427601,0.04236599756888228
ub3,0.05,4,7.004362259066093e-09,0.9853534143765273,0.04453212077406687
ub3,0.05,5,6.4798530497221065e-09,0.9875601824427583,0.04236599756888223
ub3,0.05,6,4.972844791176401e-09,0.9927985662156282,0.04037239528497221
ub3,0.05,7,2.6964577385015374e-09,0.9979151261690391,0.03894778190123905
ub3,0.01,1,7.48545274644688e-13,0.9995905088796355,0.007486026249888527
ub3,0.01,2,1.3806115308311443e-12,0.9985986573063618,0.007831997634530376
ub3,0.01,3,1.7983495028710086e-12,0.9976021769702834,0.008291625427951324
ub3,0.01,4,1.943407377758485e-12,0.9971880569953558,0.008778146145336814
ub3,0.01,5,1.798346382345696e-12,0.9976021769702818,0.008291625427951326
ub3,0.01,6,1.3806030190511023e-12,0.9985986573063617,0.00783199763453038
ub3,0.01,7,7.485476243338121e-13,0.9995905088796361,0.0074860262498885315
ub3,0.001,1,1.8531552701202938e-15,0.9999592917959893,0.0007415824236643862
ub3,0.001,2,1.6998770832949478e-15,0.9998609811907173,0.0007776328851997941
ub3,0.001,3,2.7494241756081933e-15,0.9997626248683714,0.0008250207140385047
ub3,0.001,4,2.7629751454054803e-15,0.999721870947277,0.0008749017568902014
ub3,0.001,5,2.2253539496180433e-15,0.9997626248683695,0.000825020714038505
ub3,0.001,6,3.0286982763034925e-15,0.9998609811907173,0.0007776328851997944
ub3,0.001,7,2.5186913293646898e-15,0.9999592917959897,0.0007415824236643866
ub5,1.0,1,0.06391742417239214,0.9751914443789799,0.9999999999999989
ub5,1.0,2,0.11886806295456084,0.9028925780587774,0.9999999999999997
ub5,1.0,3,0.15699656709969043,0.7892750419084593,0.9999999999999997
ub5,1.0,4,0.17254603006834712,0.6439505508593791,0.9999999999999997
ub5,1.0,5,0.15699656709969045,0.7892750419084593,0.9999999999999997
ub5,1.0,6,0.11886806295456076,0.9028925780587778,0.9999999999999997
ub5,1.0,7,0.06391742417239216,0.9751914443789799,0.9999999999999997
ub5,0.9,1,0.04215441013368817,0.9754646282088435,0.9077461559540466
ub5,0.9,2,0.07807496586641162,0.9040975365891802,0.9078359569030217
ub5,0.9,3,0.10225949966514539,0.7929368667027606,0.9079504984029078
ub5,0.9,4,0.11080006768176924,0.6794799743771432,0.9079629221502625
ub5,0.9,5,0.10225949966514529,0.7929368667027606,0.9079504984029073
ub5,0.9,6,0.07807496586641169,0.9040975365891799,0.9078359569030213
ub5,0.9,7,0.042154410133688196,0.9754646282088433,0.9077461559540471
ub5,0.5,1,0.0012730873381550146,0.9823770714717077,0.4990103816983387
ub5,0.5,2,0.0023561249488923412,0.9333471683236559,0.5001380507442303
ub5,0.5,3,0.003083651731464228,0.8688858166378995,0.503289157117876
ub5,0.5,4,0.0033401638283060745,0.8331688503266335,0.5069980000661578
ub5,0.5,5,0.003083651731464237,0.8688858166378994,0.5032891571178761
ub5,0.5,6,0.0023561249488923356,0.9333471683236564,0.5001380507442303
ub5,0.5,7,0.0012730873381550153,0.9823770714717077,0.49901038169833906
ub5,0.1,1,1.1456005706071448e-07,0.9968314060703608,0.0729887614707413
ub5,0.1,2,2.1154460383662995e-07,0.988869494116265,0.07444463340295498
ub5,0.1,3,2.78106912101422e-07,0.9804364772093258,0.08192954932092442
ub5,0.1,4,3.0255596763007685e-07,0.9767957091548499,0.09513958485892872
ub5,0.1,5,2.781069120899293e-07,0.9804364772093239,0.08192954932092443
ub5,0.1,6,2.1154460382398848e-07,0.9888694941162655,0.07444463340295496
ub5,0.1,7,1.1456005705354435e-07,0.9968314060703607,0.07298876147074125
ub5,0.05,1,2.949183708275819e-09,0.9985715294407753,0.03381215222646376
ub5,0.05,2,5.439643322352372e-09,0.9950460329765958,0.03418213282317813
ub5,0.05,3,7.1688796813786425e-09,0.9914088874961892,0.037999499101355166
ub5,0.05,4,7.82127866105947e-09,0.9898687180832952,0.04502963375555662
ub5,0.05,5,7.1688796811893645e-09,0.9914088874961875,0.037999499101355166
ub5,0.05,6,5.4396433286652185e-09,0.9950460329765958,0.03418213282317823
ub5,0.05,7,2.949183709449428e-09,0.9985715294407754,0.033812152226463846
ub5,0.01,1,8.009380700503407e-13,0.9997467129578829,0.006313899492202916
ub5,0.01,2,1.4756209740247507e-12,0.9991322105786656,0.006319994644370192
ub5,0.01,3,1.950268206020712e-12,0.9985134282265131,0.007096102041380118
ub5,0.01,4,2.1355835910208762e-12,0.9982558611493374,0.00857599813706133
ub5,0.01,5,1.9502695046263586e-12,0.9985134282265116,0.007096102041380119
ub5,0.01,6,1.4756294919314682e-12,0.9991322105786661,0.00631999464437019
ub5,0.01,7,8.009321788211895e-13,0.999746712957883,0.0063138994922029125
ub5,0.001,1,2.0439541806064996e-15,0.9999754981082226,0.0006210949281671264
ub5,0.001,2,1.945401003272745e-15,0.9999163153365567,0.0006200272687939662
ub5,0.001,3,2.7548186366683405e-15,0.999857090160526,0.0006979400000940883
ub5,0.001,4,3.3438955584235256e-15,0.9998325458643772,0.0008476780642672782
ub5,0.001,5,1.7786979643043054e-15,0.9998570901605248,0.0006979400000940886
ub5,0.001,6,3.393527960335319e-15,0.9999163153365564,0.000620027268793966
ub5,0.001,7,2.395690888672195e-15,0.9999754981082227,0.0006210949281671258
weno5l,1.0,1,0.006940731509043212,1.0808183219396792,0.6199468858176819
weno5l,1.0,2,0.013327827665924252,1.5702172722023306,0.6186892154120766
weno5l,1.0,3,0.0183010496788345,2.074259667299854,0.6966360377628178
weno5l,1.0,4,0.020410625055707107,2.2656978613746097,0.8465705227730035
weno5l,1.0,5,0.018301049678834485,2.0742596672998532,0.6966360377628181
weno5l,1.0,6,0.01332782766592424,1.5702172722023324,0.6186892154120769
weno5l,1.0,7,0.006940731509043218,1.0808183219396783,0.6199468858176816
weno5l,0.9,1,0.004467752299768262,1.0336153513814237,0.5579521972359139
weno5l,0.9,2,0.008534152437848603,1.241062839928875,0.5568202938708688
weno5l,0.9,3,0.011658366700861034,1.564272811273557,0.6269724339865359
weno5l,0.9,4,0.012968932761554936,1.697841603341103,0.7619134704957029
weno5l,0.9,5,0.011658366700861063,1.5642728112735564,0.6269724339865361
weno5l,0.9,6,0.008534152437848604,1.2410628399288761,0.556820293870869
weno5l,0.9,7,0.004467752299768253,1.0336153513814237,0.5579521972359133
weno5l,0.5,1,0.0002825227208757515,0.9967619126887889,0.30997344290884093
weno5l,0.5,2,0.0005280007674085543,0.9859711094363651,0.30934460770603806
weno5l,0.5,3,0.0007065178752235824,0.9679255048255487,0.3483180188814091
weno5l,0.5,4,0.0007783072853372261,0.9564471306443002,0.42328526138650174
weno5l,0.5,5,0.0007065178752235944,0.9679255048255484,0.3483180188814092
weno5l,0.5,6,0.0005280007674085384,0.9859711094363659,0.30934460770603833
weno5l,0.5,7,0.00028252272087574723,0.9967619126887892,0.30997344290884093
weno5l,0.1,1,8.176997832715489e-08,0.997978543731048,0.06199468858176827
weno5l,0.1,2,1.5085458076070038e-07,0.9928047850487225,0.06186892154120758
weno5l,0.1,3,1.9976517990230844e-07,0.9871952037421062,0.06966360377628178
weno5l,0.1,4,2.1909742921860532e-07,0.9847371672185302,0.08465705227730035
weno5l,0.1,5,1.9976517990697512e-07,0.9871952037421045,0.0696636037762818
weno5l,0.1,6,1.5085458076220625e-07,0.9928047850487228,0.06186892154120745
weno5l,0.1,7,8.176997832721895e-08,0.9979785437310482,0.061994688581768216
weno5l,0.05,1,2.48003659416607e-09,0.9988912837136439,0.030997344290884323
weno5l,0.05,2,4.571215697627219e-09,0.9961399289341631,0.030934460770604008
weno5l,0.05,3,6.049695989127337e-09,0.9932805985262474,0.034831801888141105
weno5l,0.05,4,6.633669424927409e-09,0.9920638648605007,0.04232852613865017
weno5l,0.05,5,6.04969599710296e-09,0.9932805985262458,0.03483180188814101
weno5l,0.05,6,4.5712156994746155e-09,0.9961399289341639,0.030934460770603998
weno5l,0.05,7,2.4800365982390638e-09,0.9988912837136444,0.030997344290884108
weno5l,0.01,1,7.729742147602953e-13,0.9997606525694334,0.006199468858176921
weno5l,0.01,2,1.4238452450636795e-12,0.9991798192144616,0.006186892154120845
weno5l,0.01,3,1.883601528035721e-12,0.9985947292318673,0.006966360377628157
weno5l,0.01,4,2.0651301339316295e-12,0.9983511251136543,0.008465705227730054
weno5l,0.01,5,1.8835893268197792e-12,0.9985947292318657,0.006966360377628267
weno5l,0.01,6,1.4238397876485104e-12,0.999179819214462,0.006186892154120844
weno5l,0.01,7,7.729783630776584e-13,0.9997606525694336,0.0061994688581769155
weno5l,0.001,1,2.0467397026485073e-15,0.9999756401869166,0.0006199468858176639
weno5l,0.001,2,1.946220754171738e-15,0.9999168004388959,0.000618689215411997
weno5l,0.001,3,2.7405549166100263e-15,0.9998579183082936,0.0006966360377627178
weno5l,0.001,4,3.364291853952911e-15,0.9998335161126223,0.0008465705227729768
weno5l,0.001,5,1.781539114031894e-15,0.9998579183082923,0.000696636037762718
weno5l,0.001,6,3.3935121273889235e-15,0.9999168004388961,0.0006186892154119969
weno5l,0.001,7,2.394929006653197e-15,0.9999756401869172,0.0006199468858176634
