scheme,r,lambda,max_residual
uw1,6,0.9,1.1101409214498626e-15
uw1,6,0.5,3.6555874763905976e-16
uw1,6,0.1,2.3733397179009946e-15
lw,6,0.9,1.938997839832306e-15
lw,6,0.5,5.403636338132587e-16
lw,6,0.1,2.1317313571213038e-16
bw,6,0.9,1.1331237586713487e-15
bw,6,0.5,1.8805191277084627e-16
bw,6,0.1,4.600315026909381e-16
fromm,6,0.9,7.399529270967166e-16
fromm,6,0.5,1.9507021894091222e-16
fromm,6,0.1,4.989444006530897e-16
ub3,6,0.9,9.66847454953156e-16
ub3,6,0.5,2.3772849924755256e-16
ub3,6,0.1,1.957568418621102e-16
ub5,6,0.9,1.4126236237216026e-15
ub5,6,0.5,2.067917256290796e-16
ub5,6,0.1,1.7825820820157684e-16
weno5l,6,0.9,1.4936685408332315e-12
weno5l,6,0.5,5.27241707349729e-15
weno5l,6,0.1,2.2263747238194353e-16
weno5l_rk3,6,0.9,1.871862996591728e-16
weno5l_rk3,6,0.5,2.4223246453309457e-16
weno5l_rk3,6,0.1,4.0506990766809146e-15
uw1,8,0.9,9.308491157027109e-16
uw1,8,0.5,1.5727932344025597e-16
uw1,8,0.1,1.8224297150236645e-16
lw,8,0.9,7.026327318514084e-16
lw,8,0.5,1.8706800810987908e-16
lw,8,0.1,2.119779500498531e-16
bw,8,0.9,1.028484153357435e-15
bw,8,0.5,2.1451272104589736e-16
bw,8,0.1,1.8282806695872635e-16
fromm,8,0.9,7.811816857841321e-16
fromm,8,0.5,2.390661517129496e-16
fromm,8,0.1,1.834437878237561e-16
ub3,8,0.9,7.172076033445786e-16
ub3,8,0.5,4.3631940759317943e-16
ub3,8,0.1,2.225718277557599e-16
ub5,8,0.9,7.675112714789166e-16
ub5,8,0.5,4.332323131648312e-16
ub5,8,0.1,2.063092346043271e-16
weno5l,8,0.9,5.0835813956571326e-12
weno5l,8,0.5,9.797675904470867e-16
weno5l,8,0.1,1.8889131076457714e-16
weno5l_rk3,8,0.9,3.249042420701563e-16
weno5l_rk3,8,0.5,2.443039042316353e-16
weno5l_rk3,8,0.1,2.194860795028962e-16
