scheme,P,r,n_pairs,certified,certified_min_q,max_bernstein_cells
uw1,8,6,105,True,1.0,1
lw,8,6,105,True,0.017037086855465858,1
bw,8,6,105,True,1.0,1
fromm,8,6,105,True,0.9075165176855672,1
ub3,8,6,105,True,0.5487820222673201,1
ub5,8,6,105,True,0.3827763452672109,1
weno5l,8,6,105,True,0.3827763452672109,1
weno5l_rk3,8,6,105,True,0.16419994343317945,1
uw1,8,8,196,True,0.585786437626905,1
lw,8,8,196,True,0.005627861071295757,1
bw,8,8,196,True,0.585786437626905,1
fromm,8,8,196,True,0.5233126323246691,1
ub3,8,8,196,True,0.31590508338973555,1
ub5,8,8,196,True,0.22782365774656357,1
weno5l,8,8,196,True,0.22782365774656357,1
weno5l_rk3,8,8,196,True,0.09269219719868338,1
