scheme,t0,j1,j2,t_detect_predicted,t_detect_measured,peak_separation,t_peak,peak_relaxation_steps,half_life_predicted,half_life_fit_tail,rho_N,rho_fit_tail
uw1,1,0,5,1,1,0.22833656475815595,5,6,323.3909625780552,323.39096257803845,0.9978589232386036,0.9978589232386035
uw1,2,0,4,2,2,0.20623947784607632,6,6,323.3909625780552,323.39096257803845,0.9978589232386036,0.9978589232386035
uw1,3,0,3,3,3,0.16756957574993703,7,5,323.3909625780552,323.39096257803845,0.9978589232386036,0.9978589232386035
uw1,4,0,2,4,4,0.11600970628841795,8,5,323.3909625780552,323.39096257803845,0.9978589232386036,0.9978589232386035
uw1,5,0,1,5,5,0.05800485314420897,9,5,323.3909625780552,323.39096257803845,0.9978589232386036,0.9978589232386035
lw,1,1,5,1,1,0.2676912299376676,5,5,101017.61304653295,101017.61304653295,0.9999931383767484,0.9999931383767484
lw,2,2,4,2,2,0.19921362398938544,6,3,101017.61304653295,101017.61304653295,0.9999931383767484,0.9999931383767484
bw,1,0,4,1,1,0.26137549983288744,7,4,101017.61304653295,101017.61304653295,0.9999931383767484,0.9999931383767484
bw,2,0,2,2,2,0.18451677388500076,7,4,101017.61304653295,101017.61304653295,0.9999931383767484,0.9999931383767484
fromm,1,1,4,1,1,0.25036198661793274,6,4,100873.78052919685,100873.78052919685,0.9999931285930251,0.9999931285930251
ub3,1,1,4,1,1,0.25036198661793274,6,4,100873.78052919685,100873.78052919685,0.9999931285930251,0.9999931285930251
ub5,1,2,3,1,1,0.13656017597886566,6,3,28293481.37763951,682974.0446703095,0.9999999755015241,0.9999989851051673
weno5l_rk3,0,0,5,1,1,0.2791258336922508,30,5,860803.1343500284,750673.9744910265,0.9999991947672193,0.9999990766339528
