scheme,lambda,L,exact_rank,effective_rank,tau,sigma_max,sigma_min
uw1,1.0,5,43,43,1.06581410364015e-12,0.9999999999999998,9.572217312720397e-18
uw1,0.9,5,43,43,1.0658141036401503e-12,1.0,6.467381137140909e-18
uw1,0.5,5,43,43,1.0658141036401503e-12,1.0,1.0026812132397289e-18
uw1,0.1,5,43,43,1.0658141036401505e-12,1.0000000000000002,7.415353859239567e-18
uw1,0.05,5,43,43,1.06581410364015e-12,0.9999999999999999,3.2879308695701824e-18
uw1,0.01,5,43,41,1.06581410364015e-12,0.9999999999999998,7.193715729774898e-18
uw1,0.001,5,43,29,1.0658141036401503e-12,1.0,2.8667182574911686e-18
lw,1.0,5,43,43,1.06581410364015e-12,0.9999999999999998,9.572217312720397e-18
lw,0.9,5,43,43,1.0658141036401503e-12,1.0,4.100176876780328e-18
lw,0.5,5,43,43,1.0658141036401499e-12,0.9999999999999997,3.7762800372801997e-19
lw,0.1,5,43,43,1.0658141036401503e-12,1.0,1.3158546027266565e-18
lw,0.05,5,43,43,1.06581410364015e-12,0.9999999999999998,5.349990240506006e-18
lw,0.01,5,43,36,1.0658141036401505e-12,1.0000000000000002,2.114282658984938e-18
lw,0.001,5,43,29,1.0658141036401499e-12,0.9999999999999997,2.0866525980262476e-18
bw,1.0,5,43,43,1.06581410364015e-12,0.9999999999999998,9.572217312720397e-18
bw,0.9,5,43,43,1.0658141036401505e-12,1.0000000000000002,6.252469534417413e-18
bw,0.5,5,43,43,1.0658141036401499e-12,0.9999999999999997,3.170261834016834e-18
bw,0.1,5,43,43,1.0658141036401503e-12,1.0,7.57642605357868e-18
bw,0.05,5,43,43,1.06581410364015e-12,0.9999999999999999,3.3449421235964723e-18
bw,0.01,5,43,43,1.06581410364015e-12,0.9999999999999998,5.687113217373775e-18
bw,0.001,5,43,34,1.0658141036401499e-12,0.9999999999999997,5.197567288836514e-18
fromm,1.0,5,43,43,1.06581410364015e-12,0.9999999999999998,9.572217312720397e-18
fromm,0.9,5,43,43,1.0658141036401507e-12,1.0000000000000004,5.609260230002668e-20
fromm,0.5,5,43,43,1.06581410364015e-12,0.9999999999999999,6.021266697709629e-18
fromm,0.1,5,43,43,1.0658141036401505e-12,1.0000000000000002,8.261748710315326e-18
fromm,0.05,5,43,43,1.0658141036401503e-12,1.0,5.70625671991153e-18
fromm,0.01,5,43,43,1.0658141036401503e-12,1.0,2.0876200059537053e-18
fromm,0.001,5,43,29,1.06581410364015e-12,0.9999999999999998,1.6847224669961863e-18
ub3,1.0,5,43,43,1.06581410364015e-12,0.9999999999999998,9.572217312720397e-18
ub3,0.9,5,43,43,1.0658141036401505e-12,1.0000000000000002,1.4765357507987548e-17
ub3,0.5,5,43,43,1.06581410364015e-12,0.9999999999999999,6.021266697709629e-18
ub3,0.1,5,43,43,1.0658141036401505e-12,1.0000000000000002,6.313897747262583e-18
ub3,0.05,5,43,43,1.0658141036401503e-12,1.0,9.90655522179853e-19
ub3,0.01,5,43,41,1.06581410364015e-12,0.9999999999999998,2.9164510141247524e-18
ub3,0.001,5,43,29,1.06581410364015e-12,0.9999999999999999,3.9632568562264374e-18
ub5,1.0,5,43,43,1.06581410364015e-12,0.9999999999999998,9.572217312720397e-18
ub5,0.9,5,43,43,1.0658141036401507e-12,1.0000000000000004,8.70771111883815e-18
ub5,0.5,5,43,43,1.0658141036401497e-12,0.9999999999999994,5.959699888072979e-18
ub5,0.1,5,43,43,1.0658141036401507e-12,1.0000000000000004,6.5621822794371615e-18
ub5,0.05,5,43,43,1.06581410364015e-12,0.9999999999999999,1.1763663266958895e-17
ub5,0.01,5,43,41,1.0658141036401507e-12,1.0000000000000004,4.323078570803898e-18
ub5,0.001,5,43,29,1.0658141036401499e-12,0.9999999999999997,2.3878719421634974e-19
weno5l,1.0,5,43,43,2.4148127352403835e-12,2.2656978613746084,4.399069135361486e-17
weno5l,0.9,5,43,43,1.8095835265879518e-12,1.6978416033411017,9.212103209939897e-18
weno5l,0.5,5,43,43,1.06581410364015e-12,0.9999999999999998,3.82628028757648e-17
weno5l,0.1,5,43,43,1.0658141036401499e-12,0.9999999999999997,3.5310623374185626e-18
weno5l,0.05,5,43,43,1.06581410364015e-12,0.9999999999999998,2.175040235350651e-18
weno5l,0.01,5,43,41,1.06581410364015e-12,0.9999999999999998,6.106040755830818e-18
weno5l,0.001,5,43,29,1.0658141036401503e-12,1.0,8.461246406782677e-18
