scheme,lambda,max_abs_g
uw1,0.05,0.9999997764559299
uw1,0.1,0.9999995764427722
uw1,0.15,0.9999993999605409
uw1,0.2,0.9999992470092488
uw1,0.25,0.9999991175889061
uw1,0.3,0.9999990116995225
uw1,0.35,0.9999989293411053
uw1,0.4,0.9999988705136604
uw1,0.45,0.9999988352171919
uw1,0.5,0.9999988234517019
uw1,0.55,0.9999988352171918
uw1,0.6,0.9999988705136604
uw1,0.65,0.9999989293411055
uw1,0.7,0.9999990116995225
uw1,0.75,0.9999991175889063
uw1,0.8,0.9999992470092488
uw1,0.85,0.999999399960541
uw1,0.9,0.9999995764427722
uw1,0.95,0.99999977645593
uw1,1.0,1.0
lw,0.05,0.9999999999999722
lw,0.1,0.9999999999998905
lw,0.15,0.9999999999997564
lw,0.2,0.9999999999995748
lw,0.25,0.9999999999993511
lw,0.3,0.999999999999093
lw,0.35,0.9999999999988096
lw,0.4,0.9999999999985115
lw,0.45,0.9999999999982114
lw,0.5,0.9999999999979235
lw,0.55,0.9999999999976633
lw,0.6,0.9999999999974485
lw,0.65,0.9999999999972979
lw,0.7,0.9999999999972327
lw,0.75,0.9999999999972746
lw,0.8,0.9999999999974486
lw,0.85,0.9999999999977798
lw,0.9,0.9999999999982957
lw,0.95,0.9999999999990254
lw,1.0,1.0
bw,0.05,0.9999999999990254
bw,0.1,0.9999999999982957
bw,0.15,0.9999999999977798
bw,0.2,0.9999999999974486
bw,0.25,0.9999999999972747
bw,0.3,0.9999999999972325
bw,0.35,0.9999999999972979
bw,0.4,0.9999999999974486
bw,0.45,0.9999999999976636
bw,0.5,0.9999999999979237
bw,0.55,0.9999999999982115
bw,0.6,0.9999999999985115
bw,0.65,0.9999999999988097
bw,0.7,0.9999999999990931
bw,0.75,0.9999999999993511
bw,0.8,0.9999999999995748
bw,0.85,0.9999999999997564
bw,0.9,0.9999999999998905
bw,0.95,0.9999999999999724
bw,1.0,1.0
fromm,0.05,0.9999999999994988
fromm,0.1,0.9999999999990931
fromm,0.15,0.9999999999987681
fromm,0.2,0.9999999999985119
fromm,0.25,0.999999999998313
fromm,0.3,0.9999999999981629
fromm,0.35,0.9999999999980538
fromm,0.4,0.9999999999979802
fromm,0.45,0.9999999999979375
fromm,0.5,0.9999999999979234
fromm,0.55,0.9999999999979375
fromm,0.6,0.9999999999979802
fromm,0.65,0.9999999999980538
fromm,0.7,0.9999999999981628
fromm,0.75,0.9999999999983131
fromm,0.8,0.9999999999985119
fromm,0.85,0.9999999999987682
fromm,0.9,0.9999999999990931
fromm,0.95,0.9999999999994992
fromm,1.0,1.0
ub3,0.05,0.9999999999996411
ub3,0.1,0.9999999999993057
ub3,0.15,0.9999999999989985
ub3,0.2,0.9999999999987244
ub3,0.25,0.9999999999984859
ub3,0.3,0.9999999999982867
ub3,0.35,0.9999999999981294
ub3,0.4,0.9999999999980156
ub3,0.45,0.9999999999979465
ub3,0.5,0.9999999999979237
ub3,0.55,0.9999999999979468
ub3,0.6,0.9999999999980157
ub3,0.65,0.9999999999981293
ub3,0.7,0.9999999999982868
ub3,0.75,0.999999999998486
ub3,0.8,0.9999999999987242
ub3,0.85,0.9999999999989986
ub3,0.9,0.9999999999993056
ub3,0.95,0.9999999999996407
ub3,1.0,1.0
ub5,0.05,1.0
ub5,0.1,1.0000000000000002
ub5,0.15,1.0
ub5,0.2,1.0
ub5,0.25,0.9999999999999999
ub5,0.3,1.0
ub5,0.35,1.0
ub5,0.4,0.9999999999999999
ub5,0.45,0.9999999999999998
ub5,0.5,1.0
ub5,0.55,1.0
ub5,0.6,1.0
ub5,0.65,0.9999999999999999
ub5,0.7,1.0
ub5,0.75,1.0000000000000002
ub5,0.8,0.9999999999999999
ub5,0.85,1.0
ub5,0.9,1.0000000000000002
ub5,0.95,1.0
ub5,1.0,1.0
weno5l,0.05,1.000644742654235
weno5l,0.1,1.0037526927477798
weno5l,0.15,1.0104659373168279
weno5l,0.2,1.021500698064479
weno5l,0.25,1.037268954038545
weno5l,0.3,1.0579424631315426
weno5l,0.35,1.0835077441011682
weno5l,0.4,1.1138157381164944
weno5l,0.45,1.1486235474102742
weno5l,0.5,1.1876303463716877
weno5l,0.55,1.2305057295675454
weno5l,0.6,1.2769102278786963
weno5l,0.65,1.3265107156992388
weno5l,0.7,1.3789906964472565
weno5l,0.75,1.4340539201236089
weno5l,0.8,1.4914334101005924
weno5l,0.85,1.550884168245918
weno5l,0.9,1.6121856193348887
weno5l,0.95,1.6751421759081335
weno5l,1.0,1.7395836344784241
weno5l_rk3,0.05,0.9999999999999999
weno5l_rk3,0.1,0.9999999999999998
weno5l_rk3,0.15,0.9999999999999981
weno5l_rk3,0.2,0.9999999999999943
weno5l_rk3,0.25,0.9999999999999857
weno5l_rk3,0.3,0.9999999999999701
weno5l_rk3,0.35,0.9999999999999446
weno5l_rk3,0.4,0.9999999999999054
weno5l_rk3,0.45,0.9999999999998485
weno5l_rk3,0.5,0.9999999999997693
weno5l_rk3,0.55,0.9999999999996618
weno5l_rk3,0.6,0.9999999999995218
weno5l_rk3,0.65,0.999999999999341
weno5l_rk3,0.7,0.9999999999991133
weno5l_rk3,0.75,0.9999999999988322
weno5l_rk3,0.8,0.9999999999984881
weno5l_rk3,0.85,0.9999999999980729
weno5l_rk3,0.9,0.9999999999975785
weno5l_rk3,0.95,0.9999999999969931
weno5l_rk3,1.0,0.9999999999963086
