scheme,lambda,N,rho_N,one_minus_rho,predicted_A_half_theta1_2s,ratio
uw1,0.5,24,0.9914448613738104,0.008555138626189618,0.008567364931501177,0.9985729211479477
uw1,0.5,48,0.9978589232386036,0.00214107676139641,0.0021418412328752944,0.9996430774292928
uw1,0.5,96,0.9994645874763657,0.0005354125236343155,0.0005354603082188236,0.9999107598009139
uw1,0.5,192,0.9998661379095618,0.00013386209043819708,0.0001338650770547059,0.9999776893527832
uw1,0.5,384,0.9999665339174012,3.3466082598798685e-05,3.3466269263676474e-05,0.9999944222979765
uw1,0.9,24,0.9969286076405032,0.0030713923594968273,0.003084251375340423,0.9958307497416042
uw1,0.9,48,0.9992297408740823,0.0007702591259176605,0.0007710628438351057,0.9989576492709107
uw1,0.9,96,0.9998072845218465,0.00019271547815347123,0.00019276571095877643,0.9997394100586907
uw1,0.9,192,0.9999518117118175,4.818828818253795e-05,4.819142773969411e-05,0.9999348523730587
uw1,0.9,384,0.9999879523392875,1.2047660712499741e-05,1.2047856934923527e-05,0.9999837130848378
lw,0.5,24,0.9998911457021759,0.0001088542978241458,0.00011009961280427426,0.9886891974602828
lw,0.5,48,0.9999931383767484,6.861623251586124e-06,6.881225800267141e-06,0.9971512998919093
lw,0.5,96,0.9999995702302484,4.2976975156427955e-07,4.3007661251669633e-07,0.9992864970019618
lw,0.5,192,0.9999999731250085,2.6874991454484132e-08,2.687978828229352e-08,0.9998215451788901
lw,0.5,384,0.9999999983200882,1.6799117652510631e-09,1.679986767643345e-09,0.9999553553672407
lw,0.9,24,0.9999106532638617,8.934673613825161e-05,9.036976218974833e-05,0.9886795535729233
lw,0.9,48,0.9999943679830976,5.63201690240156e-06,5.6481101368592706e-06,0.997150686854938
lw,0.9,96,0.9999996472450012,3.527549987669687e-07,3.530068835537044e-07,0.9992864592775076
lw,0.9,192,0.999999977941007,2.2058992965590107e-08,2.2062930222106526e-08,0.9998215442610395
lw,0.9,384,0.9999999986211284,1.3788715724771805e-09,1.3789331388816579e-09,0.999955352146713
bw,0.5,24,0.9998911457021757,0.00010885429782425682,0.00011009961280427426,0.9886891974612911
bw,0.5,48,0.9999931383767484,6.861623251586124e-06,6.881225800267141e-06,0.9971512998919093
bw,0.5,96,0.9999995702302484,4.2976975156427955e-07,4.3007661251669633e-07,0.9992864970019618
bw,0.5,192,0.9999999731250087,2.687499134346183e-08,2.687978828229352e-08,0.9998215410485636
bw,0.5,384,0.9999999983200881,1.6799118762733656e-09,1.679986767643345e-09,0.9999554214524651
bw,0.9,24,0.9999942527893801,5.747210619855281e-06,5.813259556065497e-06,0.9886382268719962
bw,0.9,48,0.9999996377074697,3.6229253030928277e-07,3.6332872225409356e-07,0.9971480593706376
bw,0.9,96,0.9999999773081618,2.2691838186261748e-08,2.2708045140880848e-08,0.999286290188409
bw,0.9,192,0.9999999985810007,1.4189992514346272e-09,1.419252821305053e-09,0.9998213356587218
bw,0.9,384,0.9999999999113008,8.86991591286801e-11,8.870330133156581e-11,0.999953302720152
fromm,0.5,24,0.9998905274816261,0.00010947251837389871,0.00011009961280427426,0.9943042994030292
fromm,0.5,48,0.9999931285930251,6.871406974862104e-06,6.881225800267141e-06,0.9985730993735658
fromm,0.5,96,0.9999995700768868,4.2992311322098686e-07,4.3007661251669633e-07,0.9996430884841395
fromm,0.5,192,0.9999999731226106,2.687738942519502e-08,2.687978828229352e-08,0.9999107561014503
fromm,0.5,384,0.9999999983200508,1.679949179766993e-09,1.679986767643345e-09,0.9999776260878502
fromm,0.9,24,0.9999523737838233,4.762621617671048e-05,4.8091510872907045e-05,0.990324806026032
fromm,0.9,48,0.9999970015807895,2.9984192104759444e-06,3.0057194295566903e-06,0.9975712240440809
fromm,0.9,96,0.9999998122567199,1.8774328014448116e-07,1.8785746434729314e-07,0.9993921763864496
fromm,0.9,192,0.9999999882606933,1.1739306748914657e-08,1.1741091521705822e-08,0.9998479891935205
fromm,0.9,384,0.9999999992662096,7.337903618065411e-10,7.338182201066138e-10,0.9999620365108014
ub3,0.5,24,0.999890527481626,0.00010947251837400973,0.00011009961280427426,0.9943042994040376
ub3,0.5,48,0.9999931285930251,6.871406974862104e-06,6.881225800267141e-06,0.9985730993735658
ub3,0.5,96,0.9999995700768868,4.2992311322098686e-07,4.3007661251669633e-07,0.9996430884841395
ub3,0.5,192,0.9999999731226106,2.687738942519502e-08,2.687978828229352e-08,0.9999107561014503
ub3,0.5,384,0.9999999983200508,1.679949179766993e-09,1.679986767643345e-09,0.9999776260878502
ub3,0.9,24,0.9999635260230898,3.647397691020071e-05,3.681731052174927e-05,0.990674668880397
ub3,0.9,48,0.9999977043006261,2.2956993739331466e-06,2.3010819076093292e-06,0.9976608682818359
ub3,0.9,96,0.9999998562665532,1.437334468112894e-07,1.4381761922558308e-07,0.9994147280788898
ub3,0.9,192,0.9999999910127143,8.987285693429214e-09,8.988601201598942e-09,0.9998536470647409
ub3,0.9,384,0.9999999994382329,5.617670773006012e-10,5.617875750999339e-10,0.9999635132561822
ub5,0.5,24,0.9999984446418991,1.555358100868709e-06,1.5721059361853288e-06,0.9893468786478486
ub5,0.5,48,0.9999999755015241,2.449847591456944e-08,2.4564155252895762e-08,0.9973262122124643
ub5,0.5,96,0.9999999996164419,3.835580741906597e-10,3.838149258264963e-10,0.9993307929979963
ub5,0.5,192,0.9999999999940038,5.996203533698008e-12,5.9971082160390045e-12,0.9998491469040733
ub5,0.5,384,0.9999999999999063,9.370282327836321e-14,9.370481587560944e-14,0.9999787353805927
ub5,0.9,24,0.9999994952842195,5.047157805027069e-07,5.122539920988275e-07,0.9852842306504344
ub5,0.9,48,0.9999999920256363,7.974363724905231e-09,8.00396862654418e-09,0.9963012221786118
ub5,0.9,96,0.999999999875054,1.249460535035496e-10,1.250620097897528e-10,0.999072809669394
ub5,0.9,192,0.9999999999980467,1.9533263895255004e-12,1.9540939029648876e-12,0.9996072279647245
ub5,0.9,384,0.9999999999999698,3.019806626980426e-14,3.053271723382637e-14,0.9890395944304833
weno5l,0.5,24,1.1869662543176571,-0.18696625431765712,-0.008567364931501177,21.82307580131255
weno5l,0.5,48,1.1869662543176571,-0.18696625431765712,-0.0021418412328752944,87.2923032052502
weno5l,0.5,96,1.18751825270195,-0.1875182527019501,-0.0005354603082188236,350.20009853899023
weno5l,0.5,192,1.1875701767643612,-0.18757017676436116,-0.0001338650770547059,1401.1882777141934
weno5l,0.5,384,1.1876285881211999,-0.18762858812119987,-3.3466269263676474e-05,5606.498490850537
weno5l,0.9,24,1.6089362348606064,-0.6089362348606064,-0.027758262378063815,21.937116472456974
weno5l,0.9,48,1.6091561002828316,-0.6091561002828316,-0.006939565594515954,87.78014876957457
weno5l,0.9,96,1.6121856193348887,-0.6121856193348887,-0.0017348913986289884,352.8668248736913
weno5l,0.9,192,1.6121856193348887,-0.6121856193348887,-0.0004337228496572471,1411.4672994947653
weno5l,0.9,384,1.6121856193348887,-0.6121856193348887,-0.00010843071241431178,5645.869197979061
weno5l_rk3,0.5,24,0.9999851990710125,1.4800928987535045e-05,1.2233290311586028e-05,1.2098894582365327
weno5l_rk3,0.5,48,0.9999991947672193,8.052327806762349e-07,7.645806444741267e-07,1.0531691934603817
weno5l_rk3,0.5,96,0.9999999515764239,4.8423576148870495e-08,4.778629027963292e-08,1.0133361653626667
weno5l_rk3,0.5,192,0.9999999970033912,2.9966088499477905e-09,2.9866431424770576e-09,1.0033367586937312
weno5l_rk3,0.5,384,0.9999999998131796,1.868204480004465e-10,1.866651964048161e-10,1.0008317115274865
weno5l_rk3,0.9,24,0.9998692002595524,0.0001307997404476069,0.00012842018837490548,1.01852942362734
weno5l_rk3,0.9,48,0.9999919356996859,8.06430031408123e-06,8.026261773431593e-06,1.004739259909956
weno5l_rk3,0.9,96,0.9999994977608916,5.022391084130717e-07,5.016413608394745e-07,1.0011915835101732
weno5l_rk3,0.9,192,0.999999968638062,3.1361938046536864e-08,3.135258505246716e-08,1.0002983165201227
weno5l_rk3,0.9,384,0.9999999980403177,1.959682305319177e-09,1.9595365657791975e-09,1.0000743744937066
