scheme,lambda,slope_fit,expected_minus_2s,ratio_at_largest_N
uw1,0.5,-1.9999396474038997,-2,0.9999944222979765
uw1,0.9,-1.9998237482169545,-2,0.9999837130848378
lw,0.5,-3.999517337694035,-4,0.9999553553672407
lw,0.9,-3.9995173127853887,-4,0.999955352146713
bw,0.5,-3.999517290021494,-4,0.9999554214524651
bw,0.9,-3.9995186691425726,-4,0.999953302720152
fromm,0.5,-3.9997586363539566,-4,0.9999776260878502
fromm,0.9,-3.9995888000273467,-4,0.9999620365108014
ub3,0.5,-3.9997586363539566,-4,0.9999776260878502
ub3,0.9,-3.999604012058697,-4,0.9999635132561822
ub5,0.5,-5.999532446936501,-6,0.9999787353805927
ub5,0.9,-6.00728077181369,-6,0.9890395944304833
weno5l,0.5,0.0004243148267665613,-2,5606.498490850537
weno5l,0.9,1.15157575339212e-16,-2,5645.869197979061
weno5l_rk3,0.5,-4.008956723776011,-4,1.0008317115274865
weno5l_rk3,0.9,-4.000805386244981,-4,1.0000743744937066
