family,scheme,r,lambda,data,residual_fine,residual_coarse
linear,uw1,6,1.0,random,2.220446049250313e-16,8.326672684688674e-17
linear,uw1,6,0.9,random,4.440892098500626e-16,2.1510571102112408e-16
linear,uw1,6,0.5,random,2.220446049250313e-16,6.938893903907228e-17
linear,uw1,6,0.1,random,4.440892098500626e-16,1.1102230246251565e-16
linear,uw1,6,0.01,random,4.440892098500626e-16,1.1102230246251565e-16
linear,uw1,6,0.001,random,4.440892098500626e-16,2.220446049250313e-16
linear,lw,6,1.0,random,2.220446049250313e-16,8.326672684688674e-17
linear,lw,6,0.9,random,6.38378239159465e-16,1.1102230246251565e-16
linear,lw,6,0.5,random,4.440892098500626e-16,1.1102230246251565e-16
linear,lw,6,0.1,random,3.3306690738754696e-16,1.1102230246251565e-16
linear,lw,6,0.01,random,4.440892098500626e-16,7.45931094670027e-17
linear,lw,6,0.001,random,6.661338147750939e-16,1.249000902703301e-16
linear,bw,6,1.0,random,2.220446049250313e-16,8.326672684688674e-17
linear,bw,6,0.9,random,8.881784197001252e-16,1.1102230246251565e-16
linear,bw,6,0.5,random,4.440892098500626e-16,1.1102230246251565e-16
linear,bw,6,0.1,random,2.220446049250313e-16,1.1102230246251565e-16
linear,bw,6,0.01,random,4.440892098500626e-16,1.1102230246251565e-16
linear,bw,6,0.001,random,2.220446049250313e-16,1.1102230246251565e-16
linear,fromm,6,1.0,random,2.220446049250313e-16,8.326672684688674e-17
linear,fromm,6,0.9,random,4.440892098500626e-16,1.1102230246251565e-16
linear,fromm,6,0.5,random,2.220446049250313e-16,1.1102230246251565e-16
linear,fromm,6,0.1,random,4.440892098500626e-16,1.1102230246251565e-16
linear,fromm,6,0.01,random,4.440892098500626e-16,1.1102230246251565e-16
linear,fromm,6,0.001,random,4.440892098500626e-16,1.1102230246251565e-16
linear,ub3,6,1.0,random,2.220446049250313e-16,8.326672684688674e-17
linear,ub3,6,0.9,random,4.440892098500626e-16,1.1102230246251565e-16
linear,ub3,6,0.5,random,2.220446049250313e-16,1.1102230246251565e-16
linear,ub3,6,0.1,random,4.440892098500626e-16,9.020562075079397e-17
linear,ub3,6,0.01,random,4.440892098500626e-16,1.1102230246251565e-16
linear,ub3,6,0.001,random,4.440892098500626e-16,8.326672684688674e-17
linear,ub5,6,1.0,random,2.220446049250313e-16,8.326672684688674e-17
linear,ub5,6,0.9,random,8.881784197001252e-16,1.1796119636642288e-16
linear,ub5,6,0.5,random,4.440892098500626e-16,1.1102230246251565e-16
linear,ub5,6,0.1,random,6.106226635438361e-16,2.220446049250313e-16
linear,ub5,6,0.01,random,4.996003610813204e-16,1.6306400674181987e-16
linear,ub5,6,0.001,random,8.881784197001252e-16,2.1510571102112408e-16
linear,weno5l,6,1.0,random,8.881784197001252e-16,1.1102230246251565e-16
linear,weno5l,6,0.9,random,4.440892098500626e-16,2.220446049250313e-16
linear,weno5l,6,0.5,random,4.440892098500626e-16,1.1102230246251565e-16
linear,weno5l,6,0.1,random,4.440892098500626e-16,1.249000902703301e-16
linear,weno5l,6,0.01,random,8.881784197001252e-16,1.231653667943533e-16
linear,weno5l,6,0.001,random,4.440892098500626e-16,1.1102230246251565e-16
linear,weno5l_rk3,6,1.0,random,6.661338147750939e-16,1.1102230246251565e-16
linear,weno5l_rk3,6,0.9,random,1.1102230246251565e-15,1.249000902703301e-16
linear,weno5l_rk3,6,0.5,random,8.881784197001252e-16,1.1102230246251565e-16
linear,weno5l_rk3,6,0.1,random,4.440892098500626e-16,1.1102230246251565e-16
linear,weno5l_rk3,6,0.01,random,4.440892098500626e-16,1.1102230246251565e-16
linear,weno5l_rk3,6,0.001,random,4.440892098500626e-16,1.1102230246251565e-16
linear,uw1,8,1.0,random,2.220446049250313e-16,1.1102230246251565e-16
linear,uw1,8,0.9,random,3.3306690738754696e-16,1.1102230246251565e-16
linear,uw1,8,0.5,random,2.220446049250313e-16,1.1102230246251565e-16
linear,uw1,8,0.1,random,4.440892098500626e-16,1.1102230246251565e-16
linear,uw1,8,0.01,random,4.440892098500626e-16,5.551115123125783e-17
linear,uw1,8,0.001,random,4.440892098500626e-16,1.1102230246251565e-16
linear,lw,8,1.0,random,2.220446049250313e-16,1.1102230246251565e-16
linear,lw,8,0.9,random,4.440892098500626e-16,1.1102230246251565e-16
linear,lw,8,0.5,random,2.220446049250313e-16,5.551115123125783e-17
linear,lw,8,0.1,random,4.440892098500626e-16,1.6653345369377348e-16
linear,lw,8,0.01,random,4.440892098500626e-16,1.1102230246251565e-16
linear,lw,8,0.001,random,4.440892098500626e-16,1.6653345369377348e-16
linear,bw,8,1.0,random,2.220446049250313e-16,1.1102230246251565e-16
linear,bw,8,0.9,random,8.881784197001252e-16,1.1102230246251565e-16
linear,bw,8,0.5,random,2.220446049250313e-16,1.1102230246251565e-16
linear,bw,8,0.1,random,4.440892098500626e-16,1.1102230246251565e-16
linear,bw,8,0.01,random,4.440892098500626e-16,1.1102230246251565e-16
linear,bw,8,0.001,random,4.440892098500626e-16,1.1102230246251565e-16
linear,fromm,8,1.0,random,2.220446049250313e-16,1.1102230246251565e-16
linear,fromm,8,0.9,random,4.440892098500626e-16,2.220446049250313e-16
linear,fromm,8,0.5,random,2.220446049250313e-16,1.1102230246251565e-16
linear,fromm,8,0.1,random,4.440892098500626e-16,1.1102230246251565e-16
linear,fromm,8,0.01,random,2.220446049250313e-16,1.6653345369377348e-16
linear,fromm,8,0.001,random,4.440892098500626e-16,2.220446049250313e-16
linear,ub3,8,1.0,random,2.220446049250313e-16,1.1102230246251565e-16
linear,ub3,8,0.9,random,5.551115123125783e-16,1.1102230246251565e-16
linear,ub3,8,0.5,random,2.220446049250313e-16,1.1102230246251565e-16
linear,ub3,8,0.1,random,4.440892098500626e-16,1.6653345369377348e-16
linear,ub3,8,0.01,random,4.440892098500626e-16,1.1102230246251565e-16
linear,ub3,8,0.001,random,4.440892098500626e-16,1.1102230246251565e-16
linear,ub5,8,1.0,random,2.220446049250313e-16,1.1102230246251565e-16
linear,ub5,8,0.9,random,5.828670879282072e-16,1.1102230246251565e-16
linear,ub5,8,0.5,random,4.440892098500626e-16,1.1102230246251565e-16
linear,ub5,8,0.1,random,4.440892098500626e-16,1.6653345369377348e-16
linear,ub5,8,0.01,random,4.440892098500626e-16,2.220446049250313e-16
linear,ub5,8,0.001,random,4.440892098500626e-16,1.1102230246251565e-16
linear,weno5l,8,1.0,random,6.661338147750939e-16,1.1102230246251565e-16
linear,weno5l,8,0.9,random,4.440892098500626e-16,1.1102230246251565e-16
linear,weno5l,8,0.5,random,6.661338147750939e-16,1.1102230246251565e-16
linear,weno5l,8,0.1,random,2.220446049250313e-16,1.1102230246251565e-16
linear,weno5l,8,0.01,random,4.440892098500626e-16,1.3183898417423734e-16
linear,weno5l,8,0.001,random,4.440892098500626e-16,1.1102230246251565e-16
linear,weno5l_rk3,8,1.0,random,8.881784197001252e-16,8.326672684688674e-17
linear,weno5l_rk3,8,0.9,random,6.38378239159465e-16,2.220446049250313e-16
linear,weno5l_rk3,8,0.5,random,6.661338147750939e-16,1.1102230246251565e-16
linear,weno5l_rk3,8,0.1,random,4.440892098500626e-16,1.1102230246251565e-16
linear,weno5l_rk3,8,0.01,random,8.881784197001252e-16,1.1102230246251565e-16
linear,weno5l_rk3,8,0.001,random,4.440892098500626e-16,1.249000902703301e-16
nonlinear,muscl-minmod,6,0.9,sine+noise,0.0,1.1102230246251565e-16
nonlinear,muscl-minmod,6,0.5,sine+noise,0.0,1.1102230246251565e-16
nonlinear,muscl-minmod,6,0.1,sine+noise,0.0,1.1102230246251565e-16
nonlinear,muscl-minmod,6,0.9,square+noise,0.0,2.220446049250313e-16
nonlinear,muscl-minmod,6,0.5,square+noise,0.0,2.220446049250313e-16
nonlinear,muscl-minmod,6,0.1,square+noise,0.0,2.220446049250313e-16
nonlinear,muscl-minmod,6,0.9,random,0.0,2.7755575615628914e-16
nonlinear,muscl-minmod,6,0.5,random,0.0,1.1102230246251565e-16
nonlinear,muscl-minmod,6,0.1,random,0.0,1.1102230246251565e-16
nonlinear,muscl-mc,6,0.9,sine+noise,0.0,1.1102230246251565e-16
nonlinear,muscl-mc,6,0.5,sine+noise,0.0,1.1102230246251565e-16
nonlinear,muscl-mc,6,0.1,sine+noise,0.0,1.1102230246251565e-16
nonlinear,muscl-mc,6,0.9,square+noise,0.0,2.220446049250313e-16
nonlinear,muscl-mc,6,0.5,square+noise,0.0,2.220446049250313e-16
nonlinear,muscl-mc,6,0.1,square+noise,0.0,2.220446049250313e-16
nonlinear,muscl-mc,6,0.9,random,0.0,1.6653345369377348e-16
nonlinear,muscl-mc,6,0.5,random,0.0,1.6653345369377348e-16
nonlinear,muscl-mc,6,0.1,random,0.0,1.1102230246251565e-16
nonlinear,muscl-vanleer,6,0.9,sine+noise,0.0,1.1102230246251565e-16
nonlinear,muscl-vanleer,6,0.5,sine+noise,0.0,1.1102230246251565e-16
nonlinear,muscl-vanleer,6,0.1,sine+noise,0.0,1.1102230246251565e-16
nonlinear,muscl-vanleer,6,0.9,square+noise,0.0,2.220446049250313e-16
nonlinear,muscl-vanleer,6,0.5,square+noise,0.0,2.220446049250313e-16
nonlinear,muscl-vanleer,6,0.1,square+noise,0.0,2.220446049250313e-16
nonlinear,muscl-vanleer,6,0.9,random,0.0,2.220446049250313e-16
nonlinear,muscl-vanleer,6,0.5,random,0.0,1.6653345369377348e-16
nonlinear,muscl-vanleer,6,0.1,random,0.0,1.1102230246251565e-16
nonlinear,muscl-superbee,6,0.9,sine+noise,0.0,1.1102230246251565e-16
nonlinear,muscl-superbee,6,0.5,sine+noise,0.0,1.1102230246251565e-16
nonlinear,muscl-superbee,6,0.1,sine+noise,0.0,1.1102230246251565e-16
nonlinear,muscl-superbee,6,0.9,square+noise,0.0,2.220446049250313e-16
nonlinear,muscl-superbee,6,0.5,square+noise,0.0,2.220446049250313e-16
nonlinear,muscl-superbee,6,0.1,square+noise,0.0,2.220446049250313e-16
nonlinear,muscl-superbee,6,0.9,random,0.0,1.6653345369377348e-16
nonlinear,muscl-superbee,6,0.5,random,0.0,1.6653345369377348e-16
nonlinear,muscl-superbee,6,0.1,random,0.0,1.1102230246251565e-16
nonlinear,weno5-js,6,0.9,sine+noise,2.220446049250313e-16,1.1102230246251565e-16
nonlinear,weno5-js,6,0.5,sine+noise,2.220446049250313e-16,1.1102230246251565e-16
nonlinear,weno5-js,6,0.1,sine+noise,1.1102230246251565e-16,1.1102230246251565e-16
nonlinear,weno5-js,6,0.9,square+noise,4.440892098500626e-16,2.220446049250313e-16
nonlinear,weno5-js,6,0.5,square+noise,2.220446049250313e-16,2.220446049250313e-16
nonlinear,weno5-js,6,0.1,square+noise,2.220446049250313e-16,2.220446049250313e-16
nonlinear,weno5-js,6,0.9,random,3.3306690738754696e-16,1.6653345369377348e-16
nonlinear,weno5-js,6,0.5,random,2.220446049250313e-16,1.1102230246251565e-16
nonlinear,weno5-js,6,0.1,random,2.220446049250313e-16,1.1102230246251565e-16
nonlinear,weno5-m,6,0.9,sine+noise,2.220446049250313e-16,2.220446049250313e-16
nonlinear,weno5-m,6,0.5,sine+noise,1.1102230246251565e-16,1.1102230246251565e-16
nonlinear,weno5-m,6,0.1,sine+noise,1.1102230246251565e-16,1.1102230246251565e-16
nonlinear,weno5-m,6,0.9,square+noise,2.220446049250313e-16,2.220446049250313e-16
nonlinear,weno5-m,6,0.5,square+noise,2.220446049250313e-16,2.220446049250313e-16
nonlinear,weno5-m,6,0.1,square+noise,2.220446049250313e-16,2.220446049250313e-16
nonlinear,weno5-m,6,0.9,random,4.440892098500626e-16,1.1102230246251565e-16
nonlinear,weno5-m,6,0.5,random,2.220446049250313e-16,1.1102230246251565e-16
nonlinear,weno5-m,6,0.1,random,4.440892098500626e-16,1.1102230246251565e-16
nonlinear,weno5-z,6,0.9,sine+noise,2.220446049250313e-16,1.1102230246251565e-16
nonlinear,weno5-z,6,0.5,sine+noise,2.220446049250313e-16,1.1102230246251565e-16
nonlinear,weno5-z,6,0.1,sine+noise,1.1102230246251565e-16,1.1102230246251565e-16
nonlinear,weno5-z,6,0.9,square+noise,2.220446049250313e-16,2.220446049250313e-16
nonlinear,weno5-z,6,0.5,square+noise,2.220446049250313e-16,2.220446049250313e-16
nonlinear,weno5-z,6,0.1,square+noise,2.220446049250313e-16,4.440892098500626e-16
nonlinear,weno5-z,6,0.9,random,2.498001805406602e-16,1.1102230246251565e-16
nonlinear,weno5-z,6,0.5,random,2.220446049250313e-16,1.1102230246251565e-16
nonlinear,weno5-z,6,0.1,random,4.440892098500626e-16,1.1102230246251565e-16
