scheme,P,r,lambda,L,local_rank,m_L,m_R
uw1,8,6,0.9,0,0,1,0
uw1,8,6,0.9,1,1,1,0
uw1,8,6,0.9,2,2,1,0
uw1,8,6,0.9,3,3,1,0
uw1,8,6,0.9,4,4,1,0
uw1,8,6,0.9,5,5,1,0
uw1,8,6,0.9,6,5,1,0
uw1,8,6,0.9,7,5,1,0
uw1,8,6,0.9,8,5,1,0
uw1,8,6,0.9,9,5,1,0
lw,8,6,0.9,0,0,1,1
lw,8,6,0.9,1,2,1,1
lw,8,6,0.9,2,4,1,1
lw,8,6,0.9,3,5,1,1
lw,8,6,0.9,4,5,1,1
lw,8,6,0.9,5,5,1,1
lw,8,6,0.9,6,5,1,1
lw,8,6,0.9,7,5,1,1
lw,8,6,0.9,8,5,1,1
lw,8,6,0.9,9,5,1,1
bw,8,6,0.9,0,0,2,0
bw,8,6,0.9,1,1,2,0
bw,8,6,0.9,2,2,2,0
bw,8,6,0.9,3,3,2,0
bw,8,6,0.9,4,5,2,0
bw,8,6,0.9,5,5,2,0
bw,8,6,0.9,6,5,2,0
bw,8,6,0.9,7,5,2,0
bw,8,6,0.9,8,5,2,0
bw,8,6,0.9,9,5,2,0
fromm,8,6,0.9,0,0,2,1
fromm,8,6,0.9,1,2,2,1
fromm,8,6,0.9,2,4,2,1
fromm,8,6,0.9,3,5,2,1
fromm,8,6,0.9,4,5,2,1
fromm,8,6,0.9,5,5,2,1
fromm,8,6,0.9,6,5,2,1
fromm,8,6,0.9,7,5,2,1
fromm,8,6,0.9,8,5,2,1
fromm,8,6,0.9,9,5,2,1
ub3,8,6,0.9,0,0,2,1
ub3,8,6,0.9,1,2,2,1
ub3,8,6,0.9,2,4,2,1
ub3,8,6,0.9,3,5,2,1
ub3,8,6,0.9,4,5,2,1
ub3,8,6,0.9,5,5,2,1
ub3,8,6,0.9,6,5,2,1
ub3,8,6,0.9,7,5,2,1
ub3,8,6,0.9,8,5,2,1
ub3,8,6,0.9,9,5,2,1
ub5,8,6,0.9,0,0,3,2
ub5,8,6,0.9,1,2,3,2
ub5,8,6,0.9,2,4,3,2
ub5,8,6,0.9,3,5,3,2
ub5,8,6,0.9,4,5,3,2
ub5,8,6,0.9,5,5,3,2
ub5,8,6,0.9,6,5,3,2
ub5,8,6,0.9,7,5,3,2
ub5,8,6,0.9,8,5,3,2
ub5,8,6,0.9,9,5,3,2
weno5l,8,6,0.9,0,0,3,2
weno5l,8,6,0.9,1,2,3,2
weno5l,8,6,0.9,2,4,3,2
weno5l,8,6,0.9,3,5,3,2
weno5l,8,6,0.9,4,5,3,2
weno5l,8,6,0.9,5,5,3,2
weno5l,8,6,0.9,6,5,3,2
weno5l,8,6,0.9,7,5,3,2
weno5l,8,6,0.9,8,5,3,2
weno5l,8,6,0.9,9,5,3,2
weno5l_rk3,8,6,0.9,0,0,9,6
weno5l_rk3,8,6,0.9,1,3,9,6
weno5l_rk3,8,6,0.9,2,5,9,6
weno5l_rk3,8,6,0.9,3,5,9,6
weno5l_rk3,8,6,0.9,4,5,9,6
weno5l_rk3,8,6,0.9,5,5,9,6
weno5l_rk3,8,6,0.9,6,5,9,6
weno5l_rk3,8,6,0.9,7,5,9,6
weno5l_rk3,8,6,0.9,8,5,9,6
weno5l_rk3,8,6,0.9,9,5,9,6
uw1,8,6,0.5,0,0,1,0
uw1,8,6,0.5,1,1,1,0
uw1,8,6,0.5,2,2,1,0
uw1,8,6,0.5,3,3,1,0
uw1,8,6,0.5,4,4,1,0
uw1,8,6,0.5,5,5,1,0
uw1,8,6,0.5,6,5,1,0
uw1,8,6,0.5,7,5,1,0
uw1,8,6,0.5,8,5,1,0
uw1,8,6,0.5,9,5,1,0
lw,8,6,0.5,0,0,1,1
lw,8,6,0.5,1,2,1,1
lw,8,6,0.5,2,4,1,1
lw,8,6,0.5,3,5,1,1
lw,8,6,0.5,4,5,1,1
lw,8,6,0.5,5,5,1,1
lw,8,6,0.5,6,5,1,1
lw,8,6,0.5,7,5,1,1
lw,8,6,0.5,8,5,1,1
lw,8,6,0.5,9,5,1,1
bw,8,6,0.5,0,0,2,0
bw,8,6,0.5,1,1,2,0
bw,8,6,0.5,2,2,2,0
bw,8,6,0.5,3,3,2,0
bw,8,6,0.5,4,5,2,0
bw,8,6,0.5,5,5,2,0
bw,8,6,0.5,6,5,2,0
bw,8,6,0.5,7,5,2,0
bw,8,6,0.5,8,5,2,0
bw,8,6,0.5,9,5,2,0
fromm,8,6,0.5,0,0,2,1
fromm,8,6,0.5,1,2,2,1
fromm,8,6,0.5,2,4,2,1
fromm,8,6,0.5,3,5,2,1
fromm,8,6,0.5,4,5,2,1
fromm,8,6,0.5,5,5,2,1
fromm,8,6,0.5,6,5,2,1
fromm,8,6,0.5,7,5,2,1
fromm,8,6,0.5,8,5,2,1
fromm,8,6,0.5,9,5,2,1
ub3,8,6,0.5,0,0,2,1
ub3,8,6,0.5,1,2,2,1
ub3,8,6,0.5,2,4,2,1
ub3,8,6,0.5,3,5,2,1
ub3,8,6,0.5,4,5,2,1
ub3,8,6,0.5,5,5,2,1
ub3,8,6,0.5,6,5,2,1
ub3,8,6,0.5,7,5,2,1
ub3,8,6,0.5,8,5,2,1
ub3,8,6,0.5,9,5,2,1
ub5,8,6,0.5,0,0,3,2
ub5,8,6,0.5,1,2,3,2
ub5,8,6,0.5,2,4,3,2
ub5,8,6,0.5,3,5,3,2
ub5,8,6,0.5,4,5,3,2
ub5,8,6,0.5,5,5,3,2
ub5,8,6,0.5,6,5,3,2
ub5,8,6,0.5,7,5,3,2
ub5,8,6,0.5,8,5,3,2
ub5,8,6,0.5,9,5,3,2
weno5l,8,6,0.5,0,0,3,2
weno5l,8,6,0.5,1,2,3,2
weno5l,8,6,0.5,2,4,3,2
weno5l,8,6,0.5,3,5,3,2
weno5l,8,6,0.5,4,5,3,2
weno5l,8,6,0.5,5,5,3,2
weno5l,8,6,0.5,6,5,3,2
weno5l,8,6,0.5,7,5,3,2
weno5l,8,6,0.5,8,5,3,2
weno5l,8,6,0.5,9,5,3,2
weno5l_rk3,8,6,0.5,0,0,9,6
weno5l_rk3,8,6,0.5,1,3,9,6
weno5l_rk3,8,6,0.5,2,5,9,6
weno5l_rk3,8,6,0.5,3,5,9,6
weno5l_rk3,8,6,0.5,4,5,9,6
weno5l_rk3,8,6,0.5,5,5,9,6
weno5l_rk3,8,6,0.5,6,5,9,6
weno5l_rk3,8,6,0.5,7,5,9,6
weno5l_rk3,8,6,0.5,8,5,9,6
weno5l_rk3,8,6,0.5,9,5,9,6
uw1,8,8,0.9,0,0,1,0
uw1,8,8,0.9,1,1,1,0
uw1,8,8,0.9,2,2,1,0
uw1,8,8,0.9,3,3,1,0
uw1,8,8,0.9,4,4,1,0
uw1,8,8,0.9,5,5,1,0
uw1,8,8,0.9,6,6,1,0
uw1,8,8,0.9,7,7,1,0
uw1,8,8,0.9,8,7,1,0
uw1,8,8,0.9,9,7,1,0
uw1,8,8,0.9,10,7,1,0
uw1,8,8,0.9,11,7,1,0
lw,8,8,0.9,0,0,1,1
lw,8,8,0.9,1,2,1,1
lw,8,8,0.9,2,4,1,1
lw,8,8,0.9,3,6,1,1
lw,8,8,0.9,4,7,1,1
lw,8,8,0.9,5,7,1,1
lw,8,8,0.9,6,7,1,1
lw,8,8,0.9,7,7,1,1
lw,8,8,0.9,8,7,1,1
lw,8,8,0.9,9,7,1,1
lw,8,8,0.9,10,7,1,1
lw,8,8,0.9,11,7,1,1
bw,8,8,0.9,0,0,2,0
bw,8,8,0.9,1,1,2,0
bw,8,8,0.9,2,2,2,0
bw,8,8,0.9,3,3,2,0
bw,8,8,0.9,4,4,2,0
bw,8,8,0.9,5,6,2,0
bw,8,8,0.9,6,7,2,0
bw,8,8,0.9,7,7,2,0
bw,8,8,0.9,8,7,2,0
bw,8,8,0.9,9,7,2,0
bw,8,8,0.9,10,7,2,0
bw,8,8,0.9,11,7,2,0
fromm,8,8,0.9,0,0,2,1
fromm,8,8,0.9,1,2,2,1
fromm,8,8,0.9,2,4,2,1
fromm,8,8,0.9,3,6,2,1
fromm,8,8,0.9,4,7,2,1
fromm,8,8,0.9,5,7,2,1
fromm,8,8,0.9,6,7,2,1
fromm,8,8,0.9,7,7,2,1
fromm,8,8,0.9,8,7,2,1
fromm,8,8,0.9,9,7,2,1
fromm,8,8,0.9,10,7,2,1
fromm,8,8,0.9,11,7,2,1
ub3,8,8,0.9,0,0,2,1
ub3,8,8,0.9,1,2,2,1
ub3,8,8,0.9,2,4,2,1
ub3,8,8,0.9,3,6,2,1
ub3,8,8,0.9,4,7,2,1
ub3,8,8,0.9,5,7,2,1
ub3,8,8,0.9,6,7,2,1
ub3,8,8,0.9,7,7,2,1
ub3,8,8,0.9,8,7,2,1
ub3,8,8,0.9,9,7,2,1
ub3,8,8,0.9,10,7,2,1
ub3,8,8,0.9,11,7,2,1
ub5,8,8,0.9,0,0,3,2
ub5,8,8,0.9,1,2,3,2
ub5,8,8,0.9,2,4,3,2
ub5,8,8,0.9,3,7,3,2
ub5,8,8,0.9,4,7,3,2
ub5,8,8,0.9,5,7,3,2
ub5,8,8,0.9,6,7,3,2
ub5,8,8,0.9,7,7,3,2
ub5,8,8,0.9,8,7,3,2
ub5,8,8,0.9,9,7,3,2
ub5,8,8,0.9,10,7,3,2
ub5,8,8,0.9,11,7,3,2
weno5l,8,8,0.9,0,0,3,2
weno5l,8,8,0.9,1,2,3,2
weno5l,8,8,0.9,2,4,3,2
weno5l,8,8,0.9,3,7,3,2
weno5l,8,8,0.9,4,7,3,2
weno5l,8,8,0.9,5,7,3,2
weno5l,8,8,0.9,6,7,3,2
weno5l,8,8,0.9,7,7,3,2
weno5l,8,8,0.9,8,7,3,2
weno5l,8,8,0.9,9,7,3,2
weno5l,8,8,0.9,10,7,3,2
weno5l,8,8,0.9,11,7,3,2
weno5l_rk3,8,8,0.9,0,0,9,6
weno5l_rk3,8,8,0.9,1,3,9,6
weno5l_rk3,8,8,0.9,2,7,9,6
weno5l_rk3,8,8,0.9,3,7,9,6
weno5l_rk3,8,8,0.9,4,7,9,6
weno5l_rk3,8,8,0.9,5,7,9,6
weno5l_rk3,8,8,0.9,6,7,9,6
weno5l_rk3,8,8,0.9,7,7,9,6
weno5l_rk3,8,8,0.9,8,7,9,6
weno5l_rk3,8,8,0.9,9,7,9,6
weno5l_rk3,8,8,0.9,10,7,9,6
weno5l_rk3,8,8,0.9,11,7,9,6
uw1,8,8,0.5,0,0,1,0
uw1,8,8,0.5,1,1,1,0
uw1,8,8,0.5,2,2,1,0
uw1,8,8,0.5,3,3,1,0
uw1,8,8,0.5,4,4,1,0
uw1,8,8,0.5,5,5,1,0
uw1,8,8,0.5,6,6,1,0
uw1,8,8,0.5,7,7,1,0
uw1,8,8,0.5,8,7,1,0
uw1,8,8,0.5,9,7,1,0
uw1,8,8,0.5,10,7,1,0
uw1,8,8,0.5,11,7,1,0
lw,8,8,0.5,0,0,1,1
lw,8,8,0.5,1,2,1,1
lw,8,8,0.5,2,4,1,1
lw,8,8,0.5,3,6,1,1
lw,8,8,0.5,4,7,1,1
lw,8,8,0.5,5,7,1,1
lw,8,8,0.5,6,7,1,1
lw,8,8,0.5,7,7,1,1
lw,8,8,0.5,8,7,1,1
lw,8,8,0.5,9,7,1,1
lw,8,8,0.5,10,7,1,1
lw,8,8,0.5,11,7,1,1
bw,8,8,0.5,0,0,2,0
bw,8,8,0.5,1,1,2,0
bw,8,8,0.5,2,2,2,0
bw,8,8,0.5,3,3,2,0
bw,8,8,0.5,4,4,2,0
bw,8,8,0.5,5,6,2,0
bw,8,8,0.5,6,7,2,0
bw,8,8,0.5,7,7,2,0
bw,8,8,0.5,8,7,2,0
bw,8,8,0.5,9,7,2,0
bw,8,8,0.5,10,7,2,0
bw,8,8,0.5,11,7,2,0
fromm,8,8,0.5,0,0,2,1
fromm,8,8,0.5,1,2,2,1
fromm,8,8,0.5,2,4,2,1
fromm,8,8,0.5,3,6,2,1
fromm,8,8,0.5,4,7,2,1
fromm,8,8,0.5,5,7,2,1
fromm,8,8,0.5,6,7,2,1
fromm,8,8,0.5,7,7,2,1
fromm,8,8,0.5,8,7,2,1
fromm,8,8,0.5,9,7,2,1
fromm,8,8,0.5,10,7,2,1
fromm,8,8,0.5,11,7,2,1
ub3,8,8,0.5,0,0,2,1
ub3,8,8,0.5,1,2,2,1
ub3,8,8,0.5,2,4,2,1
ub3,8,8,0.5,3,6,2,1
ub3,8,8,0.5,4,7,2,1
ub3,8,8,0.5,5,7,2,1
ub3,8,8,0.5,6,7,2,1
ub3,8,8,0.5,7,7,2,1
ub3,8,8,0.5,8,7,2,1
ub3,8,8,0.5,9,7,2,1
ub3,8,8,0.5,10,7,2,1
ub3,8,8,0.5,11,7,2,1
ub5,8,8,0.5,0,0,3,2
ub5,8,8,0.5,1,2,3,2
ub5,8,8,0.5,2,4,3,2
ub5,8,8,0.5,3,7,3,2
ub5,8,8,0.5,4,7,3,2
ub5,8,8,0.5,5,7,3,2
ub5,8,8,0.5,6,7,3,2
ub5,8,8,0.5,7,7,3,2
ub5,8,8,0.5,8,7,3,2
ub5,8,8,0.5,9,7,3,2
ub5,8,8,0.5,10,7,3,2
ub5,8,8,0.5,11,7,3,2
weno5l,8,8,0.5,0,0,3,2
weno5l,8,8,0.5,1,2,3,2
weno5l,8,8,0.5,2,4,3,2
weno5l,8,8,0.5,3,7,3,2
weno5l,8,8,0.5,4,7,3,2
weno5l,8,8,0.5,5,7,3,2
weno5l,8,8,0.5,6,7,3,2
weno5l,8,8,0.5,7,7,3,2
weno5l,8,8,0.5,8,7,3,2
weno5l,8,8,0.5,9,7,3,2
weno5l,8,8,0.5,10,7,3,2
weno5l,8,8,0.5,11,7,3,2
weno5l_rk3,8,8,0.5,0,0,9,6
weno5l_rk3,8,8,0.5,1,3,9,6
weno5l_rk3,8,8,0.5,2,7,9,6
weno5l_rk3,8,8,0.5,3,7,9,6
weno5l_rk3,8,8,0.5,4,7,9,6
weno5l_rk3,8,8,0.5,5,7,9,6
weno5l_rk3,8,8,0.5,6,7,9,6
weno5l_rk3,8,8,0.5,7,7,9,6
weno5l_rk3,8,8,0.5,8,7,9,6
weno5l_rk3,8,8,0.5,9,7,9,6
weno5l_rk3,8,8,0.5,10,7,9,6
weno5l_rk3,8,8,0.5,11,7,9,6
