scheme,k,Re_mu,Im_mu,class_m
uw1,0,0.0,0.0,0
uw1,1,-0.008555138626189618,-0.13052619222005157,1
uw1,2,-0.03407417371093169,-0.25881904510252074,2
uw1,3,-0.07612046748871326,-0.3826834323650898,3
uw1,4,-0.1339745962155613,-0.49999999999999994,4
uw1,5,-0.20664665970876472,-0.6087614290087205,5
uw1,6,-0.2928932188134524,-0.7071067811865475,6
uw1,7,-0.39123857099127934,-0.7933533402912352,7
uw1,8,-0.4999999999999999,-0.8660254037844386,0
uw1,9,-0.6173165676349102,-0.9238795325112867,1
uw1,10,-0.741180954897479,-0.9659258262890682,2
uw1,11,-0.8694738077799481,-0.9914448613738104,3
uw1,12,-0.9999999999999999,-1.0,4
uw1,13,-1.1305261922200516,-0.9914448613738104,5
uw1,14,-1.2588190451025207,-0.9659258262890683,6
uw1,15,-1.3826834323650896,-0.9238795325112868,7
uw1,16,-1.4999999999999998,-0.8660254037844387,0
uw1,17,-1.6087614290087207,-0.7933533402912352,1
uw1,18,-1.7071067811865475,-0.7071067811865476,2
uw1,19,-1.793353340291235,-0.6087614290087209,3
uw1,20,-1.8660254037844384,-0.5000000000000003,4
uw1,21,-1.9238795325112867,-0.3826834323650899,5
uw1,22,-1.9659258262890682,-0.25881904510252146,6
uw1,23,-1.9914448613738105,-0.130526192220052,7
uw1,24,-2.0,-1.2246467991473532e-16,0
uw1,25,-1.9914448613738105,0.13052619222005132,1
uw1,26,-1.9659258262890682,0.2588190451025208,2
uw1,27,-1.923879532511287,0.3826834323650892,3
uw1,28,-1.8660254037844388,0.4999999999999997,4
uw1,29,-1.7933533402912352,0.6087614290087207,5
uw1,30,-1.707106781186548,0.7071067811865471,6
uw1,31,-1.6087614290087209,0.7933533402912349,7
uw1,32,-1.5000000000000004,0.8660254037844384,0
uw1,33,-1.3826834323650903,0.9238795325112865,1
uw1,34,-1.2588190451025207,0.9659258262890683,2
uw1,35,-1.1305261922200525,0.9914448613738103,3
uw1,36,-1.0000000000000002,1.0,4
uw1,37,-0.8694738077799488,0.9914448613738105,5
uw1,38,-0.7411809548974797,0.9659258262890684,6
uw1,39,-0.6173165676349108,0.923879532511287,7
uw1,40,-0.5000000000000007,0.866025403784439,0
uw1,41,-0.3912385709912801,0.7933533402912357,1
uw1,42,-0.29289321881345265,0.7071067811865477,2
uw1,43,-0.20664665970876506,0.6087614290087209,3
uw1,44,-0.13397459621556207,0.5000000000000012,4
uw1,45,-0.07612046748871348,0.3826834323650904,5
uw1,46,-0.03407417371093191,0.25881904510252157,6
uw1,47,-0.008555138626189618,0.13052619222005168,7
lw,0,0.0,0.0,0
lw,1,0.0,-0.13052619222005157,1
lw,2,0.0,-0.25881904510252074,2
lw,3,0.0,-0.3826834323650898,3
lw,4,0.0,-0.49999999999999994,4
lw,5,0.0,-0.6087614290087205,5
lw,6,0.0,-0.7071067811865475,6
lw,7,0.0,-0.7933533402912352,7
lw,8,0.0,-0.8660254037844386,0
lw,9,0.0,-0.9238795325112867,1
lw,10,0.0,-0.9659258262890682,2
lw,11,0.0,-0.9914448613738104,3
lw,12,0.0,-1.0,4
lw,13,0.0,-0.9914448613738104,5
lw,14,0.0,-0.9659258262890683,6
lw,15,0.0,-0.9238795325112868,7
lw,16,0.0,-0.8660254037844387,0
lw,17,0.0,-0.7933533402912352,1
lw,18,0.0,-0.7071067811865476,2
lw,19,0.0,-0.6087614290087209,3
lw,20,0.0,-0.5000000000000003,4
lw,21,0.0,-0.3826834323650899,5
lw,22,0.0,-0.25881904510252146,6
lw,23,0.0,-0.130526192220052,7
lw,24,0.0,-1.2246467991473532e-16,0
lw,25,0.0,0.13052619222005132,1
lw,26,0.0,0.2588190451025208,2
lw,27,0.0,0.3826834323650892,3
lw,28,0.0,0.4999999999999997,4
lw,29,0.0,0.6087614290087207,5
lw,30,0.0,0.7071067811865471,6
lw,31,0.0,0.7933533402912349,7
lw,32,0.0,0.8660254037844384,0
lw,33,0.0,0.9238795325112865,1
lw,34,0.0,0.9659258262890683,2
lw,35,0.0,0.9914448613738103,3
lw,36,0.0,1.0,4
lw,37,0.0,0.9914448613738105,5
lw,38,0.0,0.9659258262890684,6
lw,39,0.0,0.923879532511287,7
lw,40,0.0,0.866025403784439,0
lw,41,0.0,0.7933533402912357,1
lw,42,0.0,0.7071067811865477,2
lw,43,0.0,0.6087614290087209,3
lw,44,0.0,0.5000000000000012,4
lw,45,0.0,0.3826834323650904,5
lw,46,0.0,0.25881904510252157,6
lw,47,0.0,0.13052619222005168,7
bw,0,0.0,0.0,0
bw,1,-7.319039691333629e-05,-0.13164286188884278,1
bw,2,-0.0011610493140827849,-0.2676380902050415,2
bw,3,-0.005794325570700254,-0.41181347413690583,3
bw,4,-0.017949192431122585,-0.5669872981077806,4
bw,5,-0.04270284196879004,-0.734559944872907,5
bw,6,-0.08578643762690485,-0.9142135623730949,6
bw,7,-0.15306761943129832,-1.1037437674379362,7
bw,8,-0.25,-1.2990381056766578,0
bw,9,-0.3810797446765466,-1.4942056744292997,1
bw,10,-0.5493492079027389,-1.6818516525781362,2
bw,11,-0.7559847024153621,-1.85348020019636,3
bw,12,-0.9999999999999999,-2.0,4
bw,13,-1.278089471295569,-2.1122992452988814,5
bw,14,-1.5846253883128218,-2.1818516525781364,6
bw,15,-1.911813474136905,-2.2013124556158474,7
bw,16,-2.249999999999999,-2.1650635094610964,0
bw,17,-2.588113335466181,-2.0696695937270047,1
bw,18,-2.914213562373095,-1.9142135623730951,2
bw,19,-3.2161162031337303,-1.700485771161976,3
bw,20,-3.4820508075688767,-1.43301270189222,4
bw,21,-3.701312455615847,-1.1189202553234536,5
bw,22,-3.864864354470355,-0.7676380902050435,6
bw,23,-3.965852635892155,-0.39046190699136474,7
bw,24,-4.0,-3.6739403974420594e-16,0
bw,25,-3.9658526358921553,0.39046190699136274,1
bw,26,-3.864864354470356,0.7676380902050416,2
bw,27,-3.701312455615848,1.1189202553234519,3
bw,28,-3.4820508075688776,1.4330127018922187,4
bw,29,-3.2161162031337307,1.7004857711619754,5
bw,30,-2.9142135623730967,1.9142135623730943,6
bw,31,-2.588113335466182,2.069669593727004,7
bw,32,-2.2500000000000013,2.1650635094610964,0
bw,33,-1.9118134741369073,2.201312455615847,1
bw,34,-1.5846253883128218,2.1818516525781364,2
bw,35,-1.278089471295571,2.112299245298882,3
bw,36,-1.0000000000000004,2.0,4
bw,37,-0.7559847024153632,1.8534802001963608,5
bw,38,-0.5493492079027398,1.6818516525781373,6
bw,39,-0.3810797446765475,1.4942056744293006,7
bw,40,-0.25000000000000067,1.2990381056766591,0
bw,41,-0.15306761943129898,1.1037437674379376,1
bw,42,-0.08578643762690508,0.9142135623730954,2
bw,43,-0.04270284196879004,0.7345599448729075,3
bw,44,-0.017949192431122807,0.5669872981077824,4
bw,45,-0.005794325570700254,0.41181347413690655,5
bw,46,-0.0011610493140827849,0.2676380902050424,6
bw,47,-7.319039691333629e-05,0.1316428618888429,7
fromm,0,0.0,0.0,0
fromm,1,-3.659519845666814e-05,-0.13108452705444718,1
fromm,2,-0.0005805246570413924,-0.2632285676537811,2
fromm,3,-0.002897162785350099,-0.39724845325099783,3
fromm,4,-0.008974596215561292,-0.5334936490538902,4
fromm,5,-0.021351420984394937,-0.6716606869408137,5
fromm,6,-0.04289321881345248,-0.8106601717798212,6
fromm,7,-0.07653380971564924,-0.9485485538645857,7
fromm,8,-0.12499999999999997,-1.0825317547305482,0
fromm,9,-0.1905398723382733,-1.2090426034702932,1
fromm,10,-0.27467460395136944,-1.323888739433602,2
fromm,11,-0.37799235120768104,-1.422462530785085,3
fromm,12,-0.4999999999999999,-1.5,4
fromm,13,-0.6390447356477845,-1.5518720533363457,5
fromm,14,-0.7923126941564108,-1.5738887394336025,6
fromm,15,-0.9559067370684526,-1.562595994063567,7
fromm,16,-1.1249999999999996,-1.5155444566227676,0
fromm,17,-1.2940566677330905,-1.4315114670091198,1
fromm,18,-1.4571067811865475,-1.3106601717798214,2
fromm,19,-1.608058101566865,-1.1546236000853485,3
fromm,20,-1.7410254037844384,-0.9665063509461104,4
fromm,21,-1.8506562278079237,-0.7508018438442717,5
fromm,22,-1.9324321772351776,-0.5132285676537826,6
fromm,23,-1.9829263179460777,-0.2604940496057084,7
fromm,24,-2.0,-2.4492935982947064e-16,0
fromm,25,-1.9829263179460774,0.26049404960570705,1
fromm,26,-1.9324321772351778,0.5132285676537812,2
fromm,27,-1.8506562278079242,0.7508018438442705,3
fromm,28,-1.7410254037844393,0.9665063509461091,4
fromm,29,-1.6080581015668653,1.154623600085348,5
fromm,30,-1.4571067811865481,1.3106601717798207,6
fromm,31,-1.294056667733091,1.4315114670091196,7
fromm,32,-1.1250000000000004,1.5155444566227674,0
fromm,33,-0.9559067370684535,1.5625959940635665,1
fromm,34,-0.7923126941564108,1.5738887394336025,2
fromm,35,-0.6390447356477855,1.551872053336346,3
fromm,36,-0.5000000000000002,1.5,4
fromm,37,-0.3779923512076816,1.422462530785086,5
fromm,38,-0.2746746039513699,1.323888739433603,6
fromm,39,-0.1905398723382737,1.209042603470294,7
fromm,40,-0.1250000000000004,1.082531754730549,0
fromm,41,-0.07653380971564945,0.9485485538645867,1
fromm,42,-0.04289321881345251,0.8106601717798216,2
fromm,43,-0.021351420984395075,0.6716606869408143,3
fromm,44,-0.00897459621556157,0.5334936490538918,4
fromm,45,-0.002897162785350238,0.39724845325099856,5
fromm,46,-0.0005805246570413369,0.263228567653782,6
fromm,47,-3.659519845664039e-05,0.1310845270544473,7
ub3,0,5.551115123125783e-17,0.0,0
ub3,1,-2.4396798971093592e-05,-0.13089841544298197,1
ub3,2,-0.00038701643802752095,-0.261758726803361,2
ub3,3,-0.0019314418569000846,-0.3923934462890285,3
ub3,4,-0.005983064143707528,-0.5223290993692602,4
ub3,5,-0.01423428065626331,-0.650694267630116,5
ub3,6,-0.028595479208968266,-0.7761423749153966,6
ub3,7,-0.05102253981043281,-0.8968168160068022,7
ub3,8,-0.08333333333333331,-1.010362971081845,0
ub3,9,-0.12702658155884883,-1.1139882464839577,1
ub3,10,-0.18311640263424625,-1.2045677683854241,2
ub3,11,-0.2519949008051207,-1.2787899743146602,3
ub3,12,-0.33333333333333326,-1.3333333333333333,4
ub3,13,-0.42602982376518966,-1.365062989348834,5
ub3,14,-0.5282084627709407,-1.371234435052091,6
ub3,15,-0.6372711580456351,-1.3496905068794738,7
ub3,16,-0.7499999999999998,-1.299038105676658,0
ub3,17,-0.8627044451553936,-1.2187920914364916,1
ub3,18,-0.9714045207910317,-1.10947570824873,2
ub3,19,-1.07203873437791,-0.9726695430598058,3
ub3,20,-1.160683602522959,-0.8110042339640735,4
ub3,21,-1.2337708185386158,-0.6280957066845445,5
ub3,22,-1.288288118156785,-0.42842539347002884,6
ub3,23,-1.3219508786307181,-0.21717143047715623,7
ub3,24,-1.3333333333333335,-2.0410779985789218e-16,0
ub3,25,-1.3219508786307184,0.21717143047715512,1
ub3,26,-1.2882881181567853,0.4284253934700277,2
ub3,27,-1.233770818538616,0.6280957066845434,3
ub3,28,-1.1606836025229594,0.8110042339640726,4
ub3,29,-1.0720387343779103,0.9726695430598056,5
ub3,30,-0.9714045207910322,1.1094757082487294,6
ub3,31,-0.862704445155394,1.2187920914364914,7
ub3,32,-0.7500000000000004,1.2990381056766576,0
ub3,33,-0.6372711580456358,1.3496905068794733,1
ub3,34,-0.5282084627709407,1.371234435052091,2
ub3,35,-0.4260298237651904,1.365062989348834,3
ub3,36,-0.3333333333333335,1.3333333333333333,4
ub3,37,-0.2519949008051211,1.2787899743146607,5
ub3,38,-0.18311640263424658,1.2045677683854248,6
ub3,39,-0.12702658155884916,1.1139882464839581,7
ub3,40,-0.08333333333333351,1.0103629710818458,0
ub3,41,-0.051022539810432976,0.8968168160068031,1
ub3,42,-0.028595479208968322,0.776142374915397,2
ub3,43,-0.01423428065626331,0.6506942676301164,3
ub3,44,-0.005983064143707639,0.5223290993692616,4
ub3,45,-0.0019314418569000291,0.3923934462890291,5
ub3,46,-0.00038701643802757646,0.2617587268033619,6
ub3,47,-2.4396798971093592e-05,0.13089841544298209,7
ub5,0,1.3877787807814457e-17,0.0,0
ub5,1,-8.348719885559186e-08,-0.1308996892114908,1
ub5,2,-5.274906135312174e-06,-0.2617987936933327,2
ub5,3,-5.880890282981138e-05,-0.3926890986087133,3
ub5,4,-0.0003206314411139527,-0.5235257121980017,4
ub5,5,-0.0011765866203895404,-0.6541603800434032,5
ub5,6,-0.003350168779611137,-0.7842303978193728,6
ub5,7,-0.007984794225511732,-0.9130083769623019,7
ub5,8,-0.016666666666666576,-1.0392304845413263,0
ub5,9,-0.031366245330521805,-1.1609311499987962,1
ub5,10,-0.05428895606473672,-1.2753185133940508,2
ub5,11,-0.08764118637766341,-1.3787255941129164,3
ub5,12,-0.1333333333333333,-1.4666666666666668,4
ub5,13,-0.1926551497733758,-1.534017021174429,5
ub5,14,-0.26596754908815434,-1.5753185133940506,6
ub5,15,-0.35245770886152566,-1.5851952187107248,7
ub5,16,-0.44999999999999973,-1.5588457268119895,0
ub5,17,-0.5551542544001465,-1.4925638727357426,1
ub5,18,-0.6633164978870554,-1.3842303978193728,2
ub5,19,-0.7690176980872852,-1.2337158758168447,3
ub5,20,-0.8663460352255525,-1.0431409544686656,4
ub5,21,-0.9494505702384557,-0.816953167320642,5
ub5,22,-1.0130715532743064,-0.5617987936933341,6
ub5,23,-1.053036913695095,-0.28619111627300414,7
ub5,24,-1.0666666666666664,-2.6942229581241775e-16,0
ub5,25,-1.0530369136950952,0.2861911162730027,1
ub5,26,-1.0130715532743066,0.5617987936933329,2
ub5,27,-0.949450570238456,0.8169531673206407,3
ub5,28,-0.8663460352255529,1.0431409544686643,4
ub5,29,-0.7690176980872855,1.2337158758168443,5
ub5,30,-0.6633164978870559,1.3842303978193724,6
ub5,31,-0.5551542544001469,1.4925638727357426,7
ub5,32,-0.45000000000000046,1.5588457268119893,0
ub5,33,-0.3524577088615263,1.5851952187107248,1
ub5,34,-0.26596754908815434,1.5753185133940506,2
ub5,35,-0.19265514977337633,1.534017021174429,3
ub5,36,-0.13333333333333336,1.4666666666666668,4
ub5,37,-0.08764118637766365,1.3787255941129166,5
ub5,38,-0.054288956064736923,1.2753185133940512,6
ub5,39,-0.031366245330521854,1.1609311499987967,7
ub5,40,-0.016666666666666708,1.0392304845413272,0
ub5,41,-0.007984794225511774,0.9130083769623027,1
ub5,42,-0.0033501687796111614,0.7842303978193731,2
ub5,43,-0.00117658662038953,0.6541603800434036,3
ub5,44,-0.00032063144111391453,0.5235257121980031,4
ub5,45,-5.880890282975587e-05,0.3926890986087139,5
ub5,46,-5.274906135249724e-06,0.26179879369333353,6
ub5,47,-8.348719886253075e-08,0.1308996892114909,7
weno5l,0,6.938893903907228e-17,0.0,0
weno5l,1,-8.348719891110301e-08,-0.1308996892114908,1
weno5l,2,-5.274906135256663e-06,-0.2617987936933327,2
weno5l,3,-5.880890282981138e-05,-0.3926890986087133,3
weno5l,4,-0.0003206314411140082,-0.5235257121980017,4
weno5l,5,-0.0011765866203895404,-0.6541603800434032,5
weno5l,6,-0.0033501687796110816,-0.7842303978193728,6
weno5l,7,-0.007984794225511788,-0.9130083769623019,7
weno5l,8,-0.016666666666666632,-1.0392304845413263,0
weno5l,9,-0.031366245330521805,-1.1609311499987962,1
weno5l,10,-0.05428895606473672,-1.2753185133940508,2
weno5l,11,-0.08764118637766341,-1.3787255941129164,3
weno5l,12,-0.1333333333333333,-1.4666666666666668,4
weno5l,13,-0.1926551497733758,-1.534017021174429,5
weno5l,14,-0.26596754908815434,-1.5753185133940506,6
weno5l,15,-0.35245770886152566,-1.5851952187107248,7
weno5l,16,-0.44999999999999973,-1.5588457268119895,0
weno5l,17,-0.5551542544001467,-1.4925638727357426,1
weno5l,18,-0.6633164978870554,-1.3842303978193728,2
weno5l,19,-0.7690176980872854,-1.2337158758168447,3
weno5l,20,-0.8663460352255525,-1.0431409544686656,4
weno5l,21,-0.9494505702384557,-0.816953167320642,5
weno5l,22,-1.0130715532743064,-0.5617987936933341,6
weno5l,23,-1.053036913695095,-0.28619111627300414,7
weno5l,24,-1.0666666666666667,-2.6942229581241775e-16,0
weno5l,25,-1.0530369136950952,0.2861911162730027,1
weno5l,26,-1.0130715532743069,0.5617987936933329,2
weno5l,27,-0.9494505702384562,0.8169531673206407,3
weno5l,28,-0.8663460352255529,1.0431409544686643,4
weno5l,29,-0.7690176980872855,1.2337158758168443,5
weno5l,30,-0.6633164978870559,1.3842303978193724,6
weno5l,31,-0.5551542544001469,1.4925638727357426,7
weno5l,32,-0.45000000000000034,1.5588457268119893,0
weno5l,33,-0.3524577088615263,1.5851952187107248,1
weno5l,34,-0.26596754908815434,1.5753185133940506,2
weno5l,35,-0.19265514977337633,1.534017021174429,3
weno5l,36,-0.1333333333333333,1.4666666666666668,4
weno5l,37,-0.08764118637766366,1.3787255941129166,5
weno5l,38,-0.054288956064736896,1.2753185133940512,6
weno5l,39,-0.03136624533052191,1.1609311499987967,7
weno5l,40,-0.016666666666666708,1.0392304845413272,0
weno5l,41,-0.00798479422551183,0.9130083769623027,1
weno5l,42,-0.003350168779611106,0.7842303978193731,2
weno5l,43,-0.00117658662038953,0.6541603800434036,3
weno5l,44,-0.00032063144111391453,0.5235257121980031,4
weno5l,45,-5.880890282975587e-05,0.3926890986087139,5
weno5l,46,-5.274906135305235e-06,0.26179879369333353,6
weno5l,47,-8.34871989180419e-08,0.1308996892114909,7
