scheme,regime,eps,nstar_deep,nstar_min,nstar_median,nstar_max,peak_median,rank_lead_L3,rank_lead_L5,rank_lead_L12,rank_lin_L3,rank_lin_L5,rank_lin_L12,rank_mach_L5,sigma6_over_sigma1_L5
muscl-minmod,smooth,0.01,3,1,1.0,1,0.0013403505413518198,5,7,15,3,5,5,8,0.007571644900869533
muscl-minmod,smooth,1e-05,4,1,1.0,1,1.248565872114568e-06,3,5,7,3,5,5,6,4.4492853181556643e-11
muscl-mc,smooth,0.01,2,1,1.0,1,0.0013427082732729884,5,5,5,5,5,5,5,2.6846230712926916e-14
muscl-mc,smooth,1e-05,2,1,1.0,1,1.342708273272117e-06,5,5,5,5,5,5,7,2.564420028233199e-11
muscl-vanleer,smooth,0.01,2,1,1.0,1,0.0013386713100579746,5,6,9,5,5,5,12,0.0014580881285678508
muscl-vanleer,smooth,1e-05,2,1,1.0,1,1.3386856926686942e-06,5,5,5,5,5,5,13,1.4583571353222024e-06
muscl-superbee,smooth,0.01,2,1,1.0,1,0.0014274173007048675,6,9,17,5,5,5,12,0.01518828810428349
muscl-superbee,smooth,1e-05,2,1,1.0,1,1.5467696132567202e-06,5,6,7,5,5,5,8,0.004235972704730719
weno5-js,smooth,0.01,1,1,1.0,1,0.0014630529468768686,6,7,11,5,5,5,23,0.005812909267451803
weno5-js,smooth,1e-05,1,1,1.0,1,1.395358742523133e-06,5,5,5,5,5,5,23,8.882261908132823e-06
weno5-m,smooth,0.01,1,1,1.0,1,0.0014260275936041947,5,7,8,5,5,5,23,0.0022619762561881087
weno5-m,smooth,1e-05,1,1,1.0,1,1.401693265373611e-06,5,5,5,5,5,5,20,6.243397583840804e-09
weno5-z,smooth,0.01,1,1,1.0,1,0.0014175704999825995,5,6,8,5,5,5,23,0.0017942114513953176
weno5-z,smooth,1e-05,1,1,1.0,1,1.4016776601757512e-06,5,5,5,5,5,5,24,1.0320417206085393e-06
muscl-minmod,extremum,0.01,2,1,1.0,1,0.001158770093875455,6,9,14,5,5,5,12,0.010713954669514688
muscl-minmod,extremum,1e-05,2,1,1.0,1,1.258855275164224e-06,5,7,7,5,5,5,11,0.005794422882179543
muscl-mc,extremum,0.01,2,1,1.0,1,0.001246437350263758,5,7,16,5,5,5,12,0.010990750552044178
muscl-mc,extremum,1e-05,2,1,1.0,1,1.3135616487425364e-06,5,7,8,5,5,5,11,0.004828007569687624
muscl-vanleer,extremum,0.01,2,1,1.0,1,0.0012181046888958688,5,7,14,5,5,5,12,0.006208889342944476
muscl-vanleer,extremum,1e-05,2,1,1.0,1,1.3045435307090158e-06,5,7,8,5,5,5,14,0.004232598270569357
muscl-superbee,extremum,0.01,3,1,1.0,1,0.001389526789184651,6,8,17,3,5,5,8,0.013144026258659756
muscl-superbee,extremum,1e-05,3,1,1.0,1,1.5469389782881533e-06,3,5,7,3,5,5,7,4.031878281842582e-11
weno5-js,extremum,0.01,1,1,1.0,1,0.0014986844089458213,6,10,19,5,5,5,26,0.014599556043585465
weno5-js,extremum,1e-05,1,1,1.0,1,1.2848739973318542e-06,5,5,5,5,5,5,24,2.6814777576815535e-05
weno5-m,extremum,0.01,1,1,1.0,1,0.0013713892253899493,6,10,19,5,5,5,24,0.012721270357473426
weno5-m,extremum,1e-05,1,1,1.0,1,1.2883077271039091e-06,5,5,5,5,5,5,21,3.4166619131120156e-08
weno5-z,extremum,0.01,1,1,1.0,1,0.0013018214953749638,6,9,16,5,5,5,24,0.009271176727919776
weno5-z,extremum,1e-05,1,1,1.0,1,1.2882918274896919e-06,5,5,5,5,5,5,23,5.853045978670831e-07
muscl-minmod,jump,0.01,3,1,1.0,1,0.0010612173806875008,3,5,12,3,5,5,5,4.8087919106455696e-14
muscl-minmod,jump,1e-05,3,1,1.0,1,1.0570944994606411e-06,3,5,12,3,5,5,7,4.40446089959334e-11
muscl-mc,jump,0.01,3,1,1.0,1,0.001298154100378057,3,5,12,3,5,5,5,3.998997948602728e-14
muscl-mc,jump,1e-05,3,1,1.0,1,1.410518747940172e-06,3,5,12,3,5,5,8,3.977436796780872e-11
muscl-vanleer,jump,0.01,3,1,1.0,1,0.001194052182706339,3,5,12,3,5,5,5,4.221579636918065e-14
muscl-vanleer,jump,1e-05,3,1,1.0,1,1.2604407983258275e-06,3,5,11,3,5,5,8,4.390619030571687e-11
muscl-superbee,jump,0.01,3,1,1.0,1,0.0013822610063232714,3,5,13,3,5,5,5,3.913370992945533e-14
muscl-superbee,jump,1e-05,3,1,1.0,1,1.556259366810362e-06,3,5,13,3,5,5,8,3.855455206877834e-11
weno5-js,jump,0.01,1,1,1.0,1,0.0012854402010184663,6,8,14,5,5,5,21,0.005631347740054713
weno5-js,jump,1e-05,1,1,1.0,1,1.6629274178214843e-06,5,5,5,5,5,5,24,5.984663617357692e-06
weno5-m,jump,0.01,1,1,1.0,1,0.0014976821577478668,6,9,14,5,5,5,21,0.0083835119768998
weno5-m,jump,1e-05,1,1,1.0,1,1.8131018529601428e-06,5,5,5,5,5,5,23,1.717130282556865e-06
weno5-z,jump,0.01,1,1,1.0,1,0.0014619677498496006,3,5,12,3,5,5,8,2.815863457029962e-05
weno5-z,jump,1e-05,1,1,1.0,1,1.5974587295218575e-06,3,5,12,3,5,5,11,3.4866232327827266e-05
