scheme,regime,eps,L,rank_emp_lead,rank_emp_mach,rank_lin
muscl-minmod,smooth,0.01,0,0,0,0
muscl-minmod,smooth,0.01,1,2,2,1
muscl-minmod,smooth,0.01,2,4,4,2
muscl-minmod,smooth,0.01,3,5,6,3
muscl-minmod,smooth,0.01,4,6,7,4
muscl-minmod,smooth,0.01,5,7,8,5
muscl-minmod,smooth,0.01,6,8,10,5
muscl-minmod,smooth,0.01,7,9,12,5
muscl-minmod,smooth,0.01,8,11,14,5
muscl-minmod,smooth,0.01,9,12,16,5
muscl-minmod,smooth,0.01,10,13,18,5
muscl-minmod,smooth,0.01,11,14,20,5
muscl-minmod,smooth,0.01,12,15,22,5
muscl-minmod,smooth,1e-05,0,0,0,0
muscl-minmod,smooth,1e-05,1,1,3,1
muscl-minmod,smooth,1e-05,2,2,4,2
muscl-minmod,smooth,1e-05,3,3,5,3
muscl-minmod,smooth,1e-05,4,4,5,4
muscl-minmod,smooth,1e-05,5,5,6,5
muscl-minmod,smooth,1e-05,6,5,7,5
muscl-minmod,smooth,1e-05,7,6,8,5
muscl-minmod,smooth,1e-05,8,7,9,5
muscl-minmod,smooth,1e-05,9,7,10,5
muscl-minmod,smooth,1e-05,10,7,11,5
muscl-minmod,smooth,1e-05,11,7,11,5
muscl-minmod,smooth,1e-05,12,7,11,5
muscl-mc,smooth,0.01,0,0,0,0
muscl-mc,smooth,0.01,1,2,2,2
muscl-mc,smooth,0.01,2,4,4,4
muscl-mc,smooth,0.01,3,5,5,5
muscl-mc,smooth,0.01,4,5,5,5
muscl-mc,smooth,0.01,5,5,5,5
muscl-mc,smooth,0.01,6,5,5,5
muscl-mc,smooth,0.01,7,5,5,5
muscl-mc,smooth,0.01,8,5,5,5
muscl-mc,smooth,0.01,9,5,5,5
muscl-mc,smooth,0.01,10,5,7,5
muscl-mc,smooth,0.01,11,5,7,5
muscl-mc,smooth,0.01,12,5,7,5
muscl-mc,smooth,1e-05,0,0,0,0
muscl-mc,smooth,1e-05,1,2,4,2
muscl-mc,smooth,1e-05,2,4,6,4
muscl-mc,smooth,1e-05,3,5,6,5
muscl-mc,smooth,1e-05,4,5,7,5
muscl-mc,smooth,1e-05,5,5,7,5
muscl-mc,smooth,1e-05,6,5,8,5
muscl-mc,smooth,1e-05,7,5,8,5
muscl-mc,smooth,1e-05,8,5,8,5
muscl-mc,smooth,1e-05,9,5,9,5
muscl-mc,smooth,1e-05,10,5,12,5
muscl-mc,smooth,1e-05,11,5,13,5
muscl-mc,smooth,1e-05,12,5,14,5
muscl-vanleer,smooth,0.01,0,0,0,0
muscl-vanleer,smooth,0.01,1,2,2,2
muscl-vanleer,smooth,0.01,2,4,4,4
muscl-vanleer,smooth,0.01,3,5,6,5
muscl-vanleer,smooth,0.01,4,6,9,5
muscl-vanleer,smooth,0.01,5,6,12,5
muscl-vanleer,smooth,0.01,6,6,15,5
muscl-vanleer,smooth,0.01,7,6,20,5
muscl-vanleer,smooth,0.01,8,7,23,5
muscl-vanleer,smooth,0.01,9,8,27,5
muscl-vanleer,smooth,0.01,10,8,31,5
muscl-vanleer,smooth,0.01,11,8,33,5
muscl-vanleer,smooth,0.01,12,9,37,5
muscl-vanleer,smooth,1e-05,0,0,0,0
muscl-vanleer,smooth,1e-05,1,2,4,2
muscl-vanleer,smooth,1e-05,2,4,6,4
muscl-vanleer,smooth,1e-05,3,5,7,5
muscl-vanleer,smooth,1e-05,4,5,10,5
muscl-vanleer,smooth,1e-05,5,5,13,5
muscl-vanleer,smooth,1e-05,6,5,16,5
muscl-vanleer,smooth,1e-05,7,5,20,5
muscl-vanleer,smooth,1e-05,8,5,21,5
muscl-vanleer,smooth,1e-05,9,5,23,5
muscl-vanleer,smooth,1e-05,10,5,25,5
muscl-vanleer,smooth,1e-05,11,5,25,5
muscl-vanleer,smooth,1e-05,12,5,26,5
muscl-superbee,smooth,0.01,0,0,0,0
muscl-superbee,smooth,0.01,1,2,2,2
muscl-superbee,smooth,0.01,2,4,4,4
muscl-superbee,smooth,0.01,3,6,6,5
muscl-superbee,smooth,0.01,4,7,9,5
muscl-superbee,smooth,0.01,5,9,12,5
muscl-superbee,smooth,0.01,6,11,15,5
muscl-superbee,smooth,0.01,7,12,18,5
muscl-superbee,smooth,0.01,8,14,22,5
muscl-superbee,smooth,0.01,9,14,26,5
muscl-superbee,smooth,0.01,10,16,31,5
muscl-superbee,smooth,0.01,11,16,35,5
muscl-superbee,smooth,0.01,12,17,40,5
muscl-superbee,smooth,1e-05,0,0,0,0
muscl-superbee,smooth,1e-05,1,2,4,2
muscl-superbee,smooth,1e-05,2,4,6,4
muscl-superbee,smooth,1e-05,3,5,7,5
muscl-superbee,smooth,1e-05,4,6,7,5
muscl-superbee,smooth,1e-05,5,6,8,5
muscl-superbee,smooth,1e-05,6,7,10,5
muscl-superbee,smooth,1e-05,7,7,10,5
muscl-superbee,smooth,1e-05,8,7,10,5
muscl-superbee,smooth,1e-05,9,7,12,5
muscl-superbee,smooth,1e-05,10,7,14,5
muscl-superbee,smooth,1e-05,11,7,15,5
muscl-superbee,smooth,1e-05,12,7,17,5
weno5-js,smooth,0.01,0,0,0,0
weno5-js,smooth,0.01,1,2,3,3
weno5-js,smooth,0.01,2,4,8,5
weno5-js,smooth,0.01,3,6,13,5
weno5-js,smooth,0.01,4,7,18,5
weno5-js,smooth,0.01,5,7,23,5
weno5-js,smooth,0.01,6,7,29,5
weno5-js,smooth,0.01,7,9,35,5
weno5-js,smooth,0.01,8,9,41,5
weno5-js,smooth,0.01,9,10,46,5
weno5-js,smooth,0.01,10,10,51,5
weno5-js,smooth,0.01,11,11,57,5
weno5-js,smooth,0.01,12,11,63,5
weno5-js,smooth,1e-05,0,0,0,0
weno5-js,smooth,1e-05,1,2,5,3
weno5-js,smooth,1e-05,2,4,11,5
weno5-js,smooth,1e-05,3,5,16,5
weno5-js,smooth,1e-05,4,5,19,5
weno5-js,smooth,1e-05,5,5,23,5
weno5-js,smooth,1e-05,6,5,26,5
weno5-js,smooth,1e-05,7,5,28,5
weno5-js,smooth,1e-05,8,5,31,5
weno5-js,smooth,1e-05,9,5,34,5
weno5-js,smooth,1e-05,10,5,37,5
weno5-js,smooth,1e-05,11,5,39,5
weno5-js,smooth,1e-05,12,5,42,5
weno5-m,smooth,0.01,0,0,0,0
weno5-m,smooth,0.01,1,2,3,3
weno5-m,smooth,0.01,2,4,8,5
weno5-m,smooth,0.01,3,5,13,5
weno5-m,smooth,0.01,4,6,18,5
weno5-m,smooth,0.01,5,7,23,5
weno5-m,smooth,0.01,6,7,28,5
weno5-m,smooth,0.01,7,7,33,5
weno5-m,smooth,0.01,8,7,38,5
weno5-m,smooth,0.01,9,7,44,5
weno5-m,smooth,0.01,10,8,48,5
weno5-m,smooth,0.01,11,8,53,5
weno5-m,smooth,0.01,12,8,58,5
weno5-m,smooth,1e-05,0,0,0,0
weno5-m,smooth,1e-05,1,2,5,3
weno5-m,smooth,1e-05,2,4,11,5
weno5-m,smooth,1e-05,3,5,15,5
weno5-m,smooth,1e-05,4,5,17,5
weno5-m,smooth,1e-05,5,5,20,5
weno5-m,smooth,1e-05,6,5,22,5
weno5-m,smooth,1e-05,7,5,25,5
weno5-m,smooth,1e-05,8,5,27,5
weno5-m,smooth,1e-05,9,5,29,5
weno5-m,smooth,1e-05,10,5,31,5
weno5-m,smooth,1e-05,11,5,34,5
weno5-m,smooth,1e-05,12,5,36,5
weno5-z,smooth,0.01,0,0,0,0
weno5-z,smooth,0.01,1,2,3,3
weno5-z,smooth,0.01,2,4,8,5
weno5-z,smooth,0.01,3,5,13,5
weno5-z,smooth,0.01,4,6,18,5
weno5-z,smooth,0.01,5,6,23,5
weno5-z,smooth,0.01,6,7,28,5
weno5-z,smooth,0.01,7,7,34,5
weno5-z,smooth,0.01,8,7,39,5
weno5-z,smooth,0.01,9,7,44,5
weno5-z,smooth,0.01,10,7,50,5
weno5-z,smooth,0.01,11,7,55,5
weno5-z,smooth,0.01,12,8,60,5
weno5-z,smooth,1e-05,0,0,0,0
weno5-z,smooth,1e-05,1,2,5,3
weno5-z,smooth,1e-05,2,4,11,5
weno5-z,smooth,1e-05,3,5,16,5
weno5-z,smooth,1e-05,4,5,19,5
weno5-z,smooth,1e-05,5,5,24,5
weno5-z,smooth,1e-05,6,5,27,5
weno5-z,smooth,1e-05,7,5,32,5
weno5-z,smooth,1e-05,8,5,37,5
weno5-z,smooth,1e-05,9,5,41,5
weno5-z,smooth,1e-05,10,5,46,5
weno5-z,smooth,1e-05,11,5,51,5
weno5-z,smooth,1e-05,12,5,54,5
muscl-minmod,extremum,0.01,0,0,0,0
muscl-minmod,extremum,0.01,1,2,2,2
muscl-minmod,extremum,0.01,2,4,4,4
muscl-minmod,extremum,0.01,3,6,6,5
muscl-minmod,extremum,0.01,4,7,9,5
muscl-minmod,extremum,0.01,5,9,12,5
muscl-minmod,extremum,0.01,6,11,15,5
muscl-minmod,extremum,0.01,7,12,19,5
muscl-minmod,extremum,0.01,8,12,23,5
muscl-minmod,extremum,0.01,9,13,27,5
muscl-minmod,extremum,0.01,10,14,31,5
muscl-minmod,extremum,0.01,11,14,33,5
muscl-minmod,extremum,0.01,12,14,35,5
muscl-minmod,extremum,1e-05,0,0,0,0
muscl-minmod,extremum,1e-05,1,2,4,2
muscl-minmod,extremum,1e-05,2,4,6,4
muscl-minmod,extremum,1e-05,3,5,8,5
muscl-minmod,extremum,1e-05,4,6,9,5
muscl-minmod,extremum,1e-05,5,7,11,5
muscl-minmod,extremum,1e-05,6,7,11,5
muscl-minmod,extremum,1e-05,7,7,12,5
muscl-minmod,extremum,1e-05,8,7,13,5
muscl-minmod,extremum,1e-05,9,7,14,5
muscl-minmod,extremum,1e-05,10,7,16,5
muscl-minmod,extremum,1e-05,11,7,17,5
muscl-minmod,extremum,1e-05,12,7,17,5
muscl-mc,extremum,0.01,0,0,0,0
muscl-mc,extremum,0.01,1,2,2,2
muscl-mc,extremum,0.01,2,4,4,4
muscl-mc,extremum,0.01,3,5,6,5
muscl-mc,extremum,0.01,4,6,9,5
muscl-mc,extremum,0.01,5,7,12,5
muscl-mc,extremum,0.01,6,8,15,5
muscl-mc,extremum,0.01,7,9,18,5
muscl-mc,extremum,0.01,8,10,21,5
muscl-mc,extremum,0.01,9,12,24,5
muscl-mc,extremum,0.01,10,13,28,5
muscl-mc,extremum,0.01,11,15,32,5
muscl-mc,extremum,0.01,12,16,36,5
muscl-mc,extremum,1e-05,0,0,0,0
muscl-mc,extremum,1e-05,1,2,4,2
muscl-mc,extremum,1e-05,2,4,6,4
muscl-mc,extremum,1e-05,3,5,8,5
muscl-mc,extremum,1e-05,4,6,10,5
muscl-mc,extremum,1e-05,5,7,11,5
muscl-mc,extremum,1e-05,6,8,12,5
muscl-mc,extremum,1e-05,7,8,13,5
muscl-mc,extremum,1e-05,8,8,14,5
muscl-mc,extremum,1e-05,9,8,14,5
muscl-mc,extremum,1e-05,10,8,17,5
muscl-mc,extremum,1e-05,11,8,17,5
muscl-mc,extremum,1e-05,12,8,18,5
muscl-vanleer,extremum,0.01,0,0,0,0
muscl-vanleer,extremum,0.01,1,2,2,2
muscl-vanleer,extremum,0.01,2,4,4,4
muscl-vanleer,extremum,0.01,3,5,6,5
muscl-vanleer,extremum,0.01,4,6,9,5
muscl-vanleer,extremum,0.01,5,7,12,5
muscl-vanleer,extremum,0.01,6,8,15,5
muscl-vanleer,extremum,0.01,7,10,19,5
muscl-vanleer,extremum,0.01,8,11,24,5
muscl-vanleer,extremum,0.01,9,11,28,5
muscl-vanleer,extremum,0.01,10,12,32,5
muscl-vanleer,extremum,0.01,11,13,35,5
muscl-vanleer,extremum,0.01,12,14,39,5
muscl-vanleer,extremum,1e-05,0,0,0,0
muscl-vanleer,extremum,1e-05,1,2,4,2
muscl-vanleer,extremum,1e-05,2,4,7,4
muscl-vanleer,extremum,1e-05,3,5,8,5
muscl-vanleer,extremum,1e-05,4,6,11,5
muscl-vanleer,extremum,1e-05,5,7,14,5
muscl-vanleer,extremum,1e-05,6,8,17,5
muscl-vanleer,extremum,1e-05,7,8,20,5
muscl-vanleer,extremum,1e-05,8,8,23,5
muscl-vanleer,extremum,1e-05,9,8,25,5
muscl-vanleer,extremum,1e-05,10,8,28,5
muscl-vanleer,extremum,1e-05,11,8,31,5
muscl-vanleer,extremum,1e-05,12,8,35,5
muscl-superbee,extremum,0.01,0,0,0,0
muscl-superbee,extremum,0.01,1,2,2,1
muscl-superbee,extremum,0.01,2,4,4,2
muscl-superbee,extremum,0.01,3,6,6,3
muscl-superbee,extremum,0.01,4,7,7,4
muscl-superbee,extremum,0.01,5,8,8,5
muscl-superbee,extremum,0.01,6,9,10,5
muscl-superbee,extremum,0.01,7,10,12,5
muscl-superbee,extremum,0.01,8,11,14,5
muscl-superbee,extremum,0.01,9,12,16,5
muscl-superbee,extremum,0.01,10,14,18,5
muscl-superbee,extremum,0.01,11,15,20,5
muscl-superbee,extremum,0.01,12,17,22,5
muscl-superbee,extremum,1e-05,0,0,0,0
muscl-superbee,extremum,1e-05,1,1,3,1
muscl-superbee,extremum,1e-05,2,2,5,2
muscl-superbee,extremum,1e-05,3,3,5,3
muscl-superbee,extremum,1e-05,4,4,6,4
muscl-superbee,extremum,1e-05,5,5,7,5
muscl-superbee,extremum,1e-05,6,6,8,5
muscl-superbee,extremum,1e-05,7,6,9,5
muscl-superbee,extremum,1e-05,8,7,10,5
muscl-superbee,extremum,1e-05,9,7,11,5
muscl-superbee,extremum,1e-05,10,7,13,5
muscl-superbee,extremum,1e-05,11,7,13,5
muscl-superbee,extremum,1e-05,12,7,13,5
weno5-js,extremum,0.01,0,0,0,0
weno5-js,extremum,0.01,1,2,3,3
weno5-js,extremum,0.01,2,4,8,5
weno5-js,extremum,0.01,3,6,13,5
weno5-js,extremum,0.01,4,8,19,5
weno5-js,extremum,0.01,5,10,26,5
weno5-js,extremum,0.01,6,12,31,5
weno5-js,extremum,0.01,7,13,37,5
weno5-js,extremum,0.01,8,15,43,5
weno5-js,extremum,0.01,9,15,49,5
weno5-js,extremum,0.01,10,17,55,5
weno5-js,extremum,0.01,11,18,61,5
weno5-js,extremum,0.01,12,19,67,5
weno5-js,extremum,1e-05,0,0,0,0
weno5-js,extremum,1e-05,1,2,5,3
weno5-js,extremum,1e-05,2,4,11,5
weno5-js,extremum,1e-05,3,5,16,5
weno5-js,extremum,1e-05,4,5,19,5
weno5-js,extremum,1e-05,5,5,24,5
weno5-js,extremum,1e-05,6,5,26,5
weno5-js,extremum,1e-05,7,5,29,5
weno5-js,extremum,1e-05,8,5,33,5
weno5-js,extremum,1e-05,9,5,36,5
weno5-js,extremum,1e-05,10,5,39,5
weno5-js,extremum,1e-05,11,5,42,5
weno5-js,extremum,1e-05,12,5,45,5
weno5-m,extremum,0.01,0,0,0,0
weno5-m,extremum,0.01,1,2,3,3
weno5-m,extremum,0.01,2,4,8,5
weno5-m,extremum,0.01,3,6,13,5
weno5-m,extremum,0.01,4,8,18,5
weno5-m,extremum,0.01,5,10,24,5
weno5-m,extremum,0.01,6,11,30,5
weno5-m,extremum,0.01,7,13,35,5
weno5-m,extremum,0.01,8,13,41,5
weno5-m,extremum,0.01,9,15,47,5
weno5-m,extremum,0.01,10,16,53,5
weno5-m,extremum,0.01,11,18,59,5
weno5-m,extremum,0.01,12,19,64,5
weno5-m,extremum,1e-05,0,0,0,0
weno5-m,extremum,1e-05,1,2,5,3
weno5-m,extremum,1e-05,2,4,11,5
weno5-m,extremum,1e-05,3,5,15,5
weno5-m,extremum,1e-05,4,5,18,5
weno5-m,extremum,1e-05,5,5,21,5
weno5-m,extremum,1e-05,6,5,24,5
weno5-m,extremum,1e-05,7,5,28,5
weno5-m,extremum,1e-05,8,5,30,5
weno5-m,extremum,1e-05,9,5,32,5
weno5-m,extremum,1e-05,10,5,34,5
weno5-m,extremum,1e-05,11,5,38,5
weno5-m,extremum,1e-05,12,5,40,5
weno5-z,extremum,0.01,0,0,0,0
weno5-z,extremum,0.01,1,2,3,3
weno5-z,extremum,0.01,2,4,8,5
weno5-z,extremum,0.01,3,6,13,5
weno5-z,extremum,0.01,4,8,18,5
weno5-z,extremum,0.01,5,9,24,5
weno5-z,extremum,0.01,6,10,30,5
weno5-z,extremum,0.01,7,11,35,5
weno5-z,extremum,0.01,8,13,42,5
weno5-z,extremum,0.01,9,14,47,5
weno5-z,extremum,0.01,10,14,53,5
weno5-z,extremum,0.01,11,16,60,5
weno5-z,extremum,0.01,12,16,65,5
weno5-z,extremum,1e-05,0,0,0,0
weno5-z,extremum,1e-05,1,2,5,3
weno5-z,extremum,1e-05,2,4,11,5
weno5-z,extremum,1e-05,3,5,16,5
weno5-z,extremum,1e-05,4,5,19,5
weno5-z,extremum,1e-05,5,5,23,5
weno5-z,extremum,1e-05,6,5,28,5
weno5-z,extremum,1e-05,7,5,33,5
weno5-z,extremum,1e-05,8,5,38,5
weno5-z,extremum,1e-05,9,5,41,5
weno5-z,extremum,1e-05,10,5,45,5
weno5-z,extremum,1e-05,11,5,49,5
weno5-z,extremum,1e-05,12,5,52,5
muscl-minmod,jump,0.01,0,0,0,0
muscl-minmod,jump,0.01,1,1,1,1
muscl-minmod,jump,0.01,2,2,2,2
muscl-minmod,jump,0.01,3,3,3,3
muscl-minmod,jump,0.01,4,4,4,4
muscl-minmod,jump,0.01,5,5,5,5
muscl-minmod,jump,0.01,6,6,6,5
muscl-minmod,jump,0.01,7,7,8,5
muscl-minmod,jump,0.01,8,8,10,5
muscl-minmod,jump,0.01,9,10,12,5
muscl-minmod,jump,0.01,10,11,14,5
muscl-minmod,jump,0.01,11,12,16,5
muscl-minmod,jump,0.01,12,12,18,5
muscl-minmod,jump,1e-05,0,0,0,0
muscl-minmod,jump,1e-05,1,1,3,1
muscl-minmod,jump,1e-05,2,2,5,2
muscl-minmod,jump,1e-05,3,3,6,3
muscl-minmod,jump,1e-05,4,4,7,4
muscl-minmod,jump,1e-05,5,5,7,5
muscl-minmod,jump,1e-05,6,6,8,5
muscl-minmod,jump,1e-05,7,7,10,5
muscl-minmod,jump,1e-05,8,8,13,5
muscl-minmod,jump,1e-05,9,9,15,5
muscl-minmod,jump,1e-05,10,10,17,5
muscl-minmod,jump,1e-05,11,11,19,5
muscl-minmod,jump,1e-05,12,12,21,5
muscl-mc,jump,0.01,0,0,0,0
muscl-mc,jump,0.01,1,1,1,1
muscl-mc,jump,0.01,2,2,2,2
muscl-mc,jump,0.01,3,3,3,3
muscl-mc,jump,0.01,4,4,4,4
muscl-mc,jump,0.01,5,5,5,5
muscl-mc,jump,0.01,6,6,6,5
muscl-mc,jump,0.01,7,7,8,5
muscl-mc,jump,0.01,8,8,10,5
muscl-mc,jump,0.01,9,9,12,5
muscl-mc,jump,0.01,10,11,14,5
muscl-mc,jump,0.01,11,11,16,5
muscl-mc,jump,0.01,12,12,18,5
muscl-mc,jump,1e-05,0,0,0,0
muscl-mc,jump,1e-05,1,1,3,1
muscl-mc,jump,1e-05,2,2,5,2
muscl-mc,jump,1e-05,3,3,6,3
muscl-mc,jump,1e-05,4,4,7,4
muscl-mc,jump,1e-05,5,5,8,5
muscl-mc,jump,1e-05,6,6,8,5
muscl-mc,jump,1e-05,7,7,10,5
muscl-mc,jump,1e-05,8,8,13,5
muscl-mc,jump,1e-05,9,9,15,5
muscl-mc,jump,1e-05,10,11,17,5
muscl-mc,jump,1e-05,11,11,19,5
muscl-mc,jump,1e-05,12,12,21,5
muscl-vanleer,jump,0.01,0,0,0,0
muscl-vanleer,jump,0.01,1,1,1,1
muscl-vanleer,jump,0.01,2,2,2,2
muscl-vanleer,jump,0.01,3,3,3,3
muscl-vanleer,jump,0.01,4,4,4,4
muscl-vanleer,jump,0.01,5,5,5,5
muscl-vanleer,jump,0.01,6,6,6,5
muscl-vanleer,jump,0.01,7,7,8,5
muscl-vanleer,jump,0.01,8,8,10,5
muscl-vanleer,jump,0.01,9,9,12,5
muscl-vanleer,jump,0.01,10,10,14,5
muscl-vanleer,jump,0.01,11,11,16,5
muscl-vanleer,jump,0.01,12,12,18,5
muscl-vanleer,jump,1e-05,0,0,0,0
muscl-vanleer,jump,1e-05,1,1,3,1
muscl-vanleer,jump,1e-05,2,2,5,2
muscl-vanleer,jump,1e-05,3,3,6,3
muscl-vanleer,jump,1e-05,4,4,7,4
muscl-vanleer,jump,1e-05,5,5,8,5
muscl-vanleer,jump,1e-05,6,6,9,5
muscl-vanleer,jump,1e-05,7,7,11,5
muscl-vanleer,jump,1e-05,8,8,13,5
muscl-vanleer,jump,1e-05,9,9,15,5
muscl-vanleer,jump,1e-05,10,10,17,5
muscl-vanleer,jump,1e-05,11,11,19,5
muscl-vanleer,jump,1e-05,12,11,21,5
muscl-superbee,jump,0.01,0,0,0,0
muscl-superbee,jump,0.01,1,1,1,1
muscl-superbee,jump,0.01,2,2,2,2
muscl-superbee,jump,0.01,3,3,3,3
muscl-superbee,jump,0.01,4,4,4,4
muscl-superbee,jump,0.01,5,5,5,5
muscl-superbee,jump,0.01,6,6,6,5
muscl-superbee,jump,0.01,7,7,8,5
muscl-superbee,jump,0.01,8,8,10,5
muscl-superbee,jump,0.01,9,10,12,5
muscl-superbee,jump,0.01,10,11,14,5
muscl-superbee,jump,0.01,11,12,16,5
muscl-superbee,jump,0.01,12,13,18,5
muscl-superbee,jump,1e-05,0,0,0,0
muscl-superbee,jump,1e-05,1,1,3,1
muscl-superbee,jump,1e-05,2,2,5,2
muscl-superbee,jump,1e-05,3,3,6,3
muscl-superbee,jump,1e-05,4,4,7,4
muscl-superbee,jump,1e-05,5,5,8,5
muscl-superbee,jump,1e-05,6,6,9,5
muscl-superbee,jump,1e-05,7,7,10,5
muscl-superbee,jump,1e-05,8,8,12,5
muscl-superbee,jump,1e-05,9,10,15,5
muscl-superbee,jump,1e-05,10,11,17,5
muscl-superbee,jump,1e-05,11,11,19,5
muscl-superbee,jump,1e-05,12,13,21,5
weno5-js,jump,0.01,0,0,0,0
weno5-js,jump,0.01,1,2,2,2
weno5-js,jump,0.01,2,4,6,5
weno5-js,jump,0.01,3,6,11,5
weno5-js,jump,0.01,4,7,15,5
weno5-js,jump,0.01,5,8,21,5
weno5-js,jump,0.01,6,10,25,5
weno5-js,jump,0.01,7,11,30,5
weno5-js,jump,0.01,8,12,36,5
weno5-js,jump,0.01,9,13,41,5
weno5-js,jump,0.01,10,13,46,5
weno5-js,jump,0.01,11,13,51,5
weno5-js,jump,0.01,12,14,56,5
weno5-js,jump,1e-05,0,0,0,0
weno5-js,jump,1e-05,1,2,4,2
weno5-js,jump,1e-05,2,4,9,5
weno5-js,jump,1e-05,3,5,15,5
weno5-js,jump,1e-05,4,5,19,5
weno5-js,jump,1e-05,5,5,24,5
weno5-js,jump,1e-05,6,5,29,5
weno5-js,jump,1e-05,7,5,33,5
weno5-js,jump,1e-05,8,5,36,5
weno5-js,jump,1e-05,9,5,41,5
weno5-js,jump,1e-05,10,5,44,5
weno5-js,jump,1e-05,11,5,47,5
weno5-js,jump,1e-05,12,5,52,5
weno5-m,jump,0.01,0,0,0,0
weno5-m,jump,0.01,1,2,2,2
weno5-m,jump,0.01,2,4,6,5
weno5-m,jump,0.01,3,6,11,5
weno5-m,jump,0.01,4,8,15,5
weno5-m,jump,0.01,5,9,21,5
weno5-m,jump,0.01,6,10,26,5
weno5-m,jump,0.01,7,11,31,5
weno5-m,jump,0.01,8,12,37,5
weno5-m,jump,0.01,9,13,43,5
weno5-m,jump,0.01,10,14,48,5
weno5-m,jump,0.01,11,14,54,5
weno5-m,jump,0.01,12,14,59,5
weno5-m,jump,1e-05,0,0,0,0
weno5-m,jump,1e-05,1,2,4,2
weno5-m,jump,1e-05,2,4,9,5
weno5-m,jump,1e-05,3,5,15,5
weno5-m,jump,1e-05,4,5,19,5
weno5-m,jump,1e-05,5,5,23,5
weno5-m,jump,1e-05,6,5,27,5
weno5-m,jump,1e-05,7,5,31,5
weno5-m,jump,1e-05,8,5,35,5
weno5-m,jump,1e-05,9,5,39,5
weno5-m,jump,1e-05,10,5,41,5
weno5-m,jump,1e-05,11,5,43,5
weno5-m,jump,1e-05,12,5,47,5
weno5-z,jump,0.01,0,0,0,0
weno5-z,jump,0.01,1,1,1,1
weno5-z,jump,0.01,2,2,2,2
weno5-z,jump,0.01,3,3,4,3
weno5-z,jump,0.01,4,4,6,5
weno5-z,jump,0.01,5,5,8,5
weno5-z,jump,0.01,6,6,10,5
weno5-z,jump,0.01,7,7,12,5
weno5-z,jump,0.01,8,8,14,5
weno5-z,jump,0.01,9,8,16,5
weno5-z,jump,0.01,10,10,20,5
weno5-z,jump,0.01,11,10,23,5
weno5-z,jump,0.01,12,12,27,5
weno5-z,jump,1e-05,0,0,0,0
weno5-z,jump,1e-05,1,1,3,1
weno5-z,jump,1e-05,2,2,5,2
weno5-z,jump,1e-05,3,3,8,3
weno5-z,jump,1e-05,4,4,10,5
weno5-z,jump,1e-05,5,5,11,5
weno5-z,jump,1e-05,6,6,13,5
weno5-z,jump,1e-05,7,7,16,5
weno5-z,jump,1e-05,8,8,20,5
weno5-z,jump,1e-05,9,8,24,5
weno5-z,jump,1e-05,10,10,29,5
weno5-z,jump,1e-05,11,11,34,5
weno5-z,jump,1e-05,12,12,39,5
