axis,setting,scheme,regime,rank1,rank2,rank3,rank4,rank5,rank12,rank_mach5,gap5
floor,0.01,muscl-minmod,smooth,1,2,3,3,3,5,6,4.544e-11
floor,0.001,muscl-minmod,smooth,1,2,3,4,5,7,6,4.544e-11
floor,0.0001,muscl-minmod,smooth,1,2,3,4,5,8,6,4.544e-11
M,100,muscl-minmod,smooth,1,2,3,4,5,7,11,4.048e-11
M,200,muscl-minmod,smooth,1,2,3,4,5,7,8,4.207e-11
M,400,muscl-minmod,smooth,1,2,3,4,5,7,6,4.544e-11
M,800,muscl-minmod,smooth,1,2,3,4,5,7,6,4.584e-11
seed,0,muscl-minmod,smooth,1,2,3,4,5,7,6,4.544e-11
seed,1,muscl-minmod,smooth,1,2,3,4,5,7,6,4.478e-11
seed,2,muscl-minmod,smooth,1,2,3,4,5,7,6,4.464e-11
eps,0.01,muscl-minmod,smooth,2,4,5,6,7,15,8,8.323e-03
eps,0.001,muscl-minmod,smooth,1,2,3,4,5,9,5,4.340e-13
eps,1e-05,muscl-minmod,smooth,1,2,3,4,5,7,6,4.544e-11
eps,1e-07,muscl-minmod,smooth,1,2,3,4,5,7,11,4.212e-09
fd_delta,0.0001,muscl-minmod,smooth,1,2,3,4,5,5,,
fd_delta,1e-05,muscl-minmod,smooth,1,2,3,4,5,5,,
fd_delta,1e-06,muscl-minmod,smooth,1,2,3,4,5,5,,
floor,0.01,muscl-mc,smooth,2,3,4,5,5,5,7,2.693e-11
floor,0.001,muscl-mc,smooth,2,4,5,5,5,5,7,2.693e-11
floor,0.0001,muscl-mc,smooth,2,4,5,5,5,5,7,2.693e-11
M,100,muscl-mc,smooth,2,4,5,5,5,5,16,2.663e-11
M,200,muscl-mc,smooth,2,4,5,5,5,5,11,2.689e-11
M,400,muscl-mc,smooth,2,4,5,5,5,5,7,2.693e-11
M,800,muscl-mc,smooth,2,4,5,5,5,5,6,2.678e-11
seed,0,muscl-mc,smooth,2,4,5,5,5,5,7,2.693e-11
seed,1,muscl-mc,smooth,2,4,5,5,5,5,7,2.684e-11
seed,2,muscl-mc,smooth,2,4,5,5,5,5,7,2.419e-11
eps,0.01,muscl-mc,smooth,2,4,5,5,5,5,5,2.779e-14
eps,0.001,muscl-mc,smooth,2,4,5,5,5,5,5,2.642e-13
eps,1e-05,muscl-mc,smooth,2,4,5,5,5,5,7,2.693e-11
eps,1e-07,muscl-mc,smooth,2,4,5,5,5,5,18,2.599e-09
fd_delta,0.0001,muscl-mc,smooth,2,4,5,5,5,5,,
fd_delta,1e-05,muscl-mc,smooth,2,4,5,5,5,5,,
fd_delta,1e-06,muscl-mc,smooth,2,4,5,5,5,5,,
floor,0.01,muscl-vanleer,smooth,2,3,4,5,5,5,13,1.477e-06
floor,0.001,muscl-vanleer,smooth,2,4,5,5,5,5,13,1.477e-06
floor,0.0001,muscl-vanleer,smooth,2,4,5,5,5,5,13,1.477e-06
M,100,muscl-vanleer,smooth,2,4,5,5,5,5,18,1.315e-06
M,200,muscl-vanleer,smooth,2,4,5,5,5,5,14,1.296e-06
M,400,muscl-vanleer,smooth,2,4,5,5,5,5,13,1.477e-06
M,800,muscl-vanleer,smooth,2,4,5,5,5,5,13,1.439e-06
seed,0,muscl-vanleer,smooth,2,4,5,5,5,5,13,1.477e-06
seed,1,muscl-vanleer,smooth,2,4,5,5,5,5,13,1.385e-06
seed,2,muscl-vanleer,smooth,2,4,5,5,5,5,13,1.417e-06
eps,0.01,muscl-vanleer,smooth,2,4,5,6,6,9,12,1.483e-03
eps,0.001,muscl-vanleer,smooth,2,4,5,5,5,5,12,1.477e-04
eps,1e-05,muscl-vanleer,smooth,2,4,5,5,5,5,13,1.477e-06
eps,1e-07,muscl-vanleer,smooth,2,4,5,5,5,5,18,1.501e-08
fd_delta,0.0001,muscl-vanleer,smooth,2,4,5,5,5,5,,
fd_delta,1e-05,muscl-vanleer,smooth,2,4,5,5,5,5,,
fd_delta,1e-06,muscl-vanleer,smooth,2,4,5,5,5,5,,
floor,0.01,muscl-superbee,smooth,2,3,5,5,5,6,9,4.419e-03
floor,0.001,muscl-superbee,smooth,2,4,5,6,6,7,9,4.419e-03
floor,0.0001,muscl-superbee,smooth,2,4,5,6,7,8,9,4.419e-03
M,100,muscl-superbee,smooth,2,4,5,6,6,6,16,4.085e-03
M,200,muscl-superbee,smooth,2,4,5,6,6,6,11,4.251e-03
M,400,muscl-superbee,smooth,2,4,5,6,6,7,9,4.419e-03
M,800,muscl-superbee,smooth,2,4,5,6,6,7,8,4.463e-03
seed,0,muscl-superbee,smooth,2,4,5,6,6,7,9,4.419e-03
seed,1,muscl-superbee,smooth,2,4,5,6,6,6,9,4.344e-03
seed,2,muscl-superbee,smooth,2,4,5,6,6,7,9,4.439e-03
eps,0.01,muscl-superbee,smooth,2,4,5,7,9,17,12,1.546e-02
eps,0.001,muscl-superbee,smooth,2,4,5,6,7,10,12,6.202e-03
eps,1e-05,muscl-superbee,smooth,2,4,5,6,6,7,9,4.419e-03
eps,1e-07,muscl-superbee,smooth,2,4,5,6,6,7,18,4.419e-03
fd_delta,0.0001,muscl-superbee,smooth,2,4,5,5,5,5,,
fd_delta,1e-05,muscl-superbee,smooth,2,4,5,5,5,5,,
fd_delta,1e-06,muscl-superbee,smooth,2,4,5,5,5,5,,
floor,0.01,weno5-js,smooth,2,4,5,5,5,5,23,9.033e-06
floor,0.001,weno5-js,smooth,2,4,5,5,5,5,23,9.033e-06
floor,0.0001,weno5-js,smooth,2,4,5,5,5,5,23,9.033e-06
M,100,weno5-js,smooth,2,4,5,5,5,5,34,8.177e-06
M,200,weno5-js,smooth,2,4,5,5,5,5,30,8.486e-06
M,400,weno5-js,smooth,2,4,5,5,5,5,23,9.033e-06
M,800,weno5-js,smooth,2,4,5,5,5,5,20,8.825e-06
seed,0,weno5-js,smooth,2,4,5,5,5,5,23,9.033e-06
seed,1,weno5-js,smooth,2,4,5,5,5,5,23,8.518e-06
seed,2,weno5-js,smooth,2,4,5,5,5,5,23,9.212e-06
eps,0.01,weno5-js,smooth,2,4,6,7,7,11,23,6.131e-03
eps,0.001,weno5-js,smooth,2,4,5,5,5,7,22,9.003e-04
eps,1e-05,weno5-js,smooth,2,4,5,5,5,5,23,9.033e-06
eps,1e-07,weno5-js,smooth,2,4,5,5,5,5,35,9.131e-08
fd_delta,0.0001,weno5-js,smooth,3,5,5,5,5,5,,
fd_delta,1e-05,weno5-js,smooth,3,5,5,5,5,5,,
fd_delta,1e-06,weno5-js,smooth,3,5,5,5,5,5,,
floor,0.01,weno5-m,smooth,2,4,5,5,5,5,20,6.380e-09
floor,0.001,weno5-m,smooth,2,4,5,5,5,5,20,6.380e-09
floor,0.0001,weno5-m,smooth,2,4,5,5,5,5,20,6.380e-09
M,100,weno5-m,smooth,2,4,5,5,5,5,33,5.730e-09
M,200,weno5-m,smooth,2,4,5,5,5,5,29,5.835e-09
M,400,weno5-m,smooth,2,4,5,5,5,5,20,6.380e-09
M,800,weno5-m,smooth,2,4,5,5,5,5,16,6.231e-09
seed,0,weno5-m,smooth,2,4,5,5,5,5,20,6.380e-09
seed,1,weno5-m,smooth,2,4,5,5,5,5,20,6.021e-09
seed,2,weno5-m,smooth,2,4,5,5,5,5,20,6.365e-09
eps,0.01,weno5-m,smooth,2,4,5,6,7,8,23,2.103e-03
eps,0.001,weno5-m,smooth,2,4,5,5,5,5,18,3.518e-06
eps,1e-05,weno5-m,smooth,2,4,5,5,5,5,20,6.380e-09
eps,1e-07,weno5-m,smooth,2,4,5,5,5,5,35,8.409e-09
fd_delta,0.0001,weno5-m,smooth,3,5,5,5,5,5,,
fd_delta,1e-05,weno5-m,smooth,3,5,5,5,5,5,,
fd_delta,1e-06,weno5-m,smooth,3,5,5,5,5,5,,
floor,0.01,weno5-z,smooth,2,4,5,5,5,5,24,1.128e-06
floor,0.001,weno5-z,smooth,2,4,5,5,5,5,24,1.128e-06
floor,0.0001,weno5-z,smooth,2,4,5,5,5,5,24,1.128e-06
M,100,weno5-z,smooth,2,4,5,5,5,5,34,1.121e-06
M,200,weno5-z,smooth,2,4,5,5,5,5,30,1.088e-06
M,400,weno5-z,smooth,2,4,5,5,5,5,24,1.128e-06
M,800,weno5-z,smooth,2,4,5,5,5,5,20,1.117e-06
seed,0,weno5-z,smooth,2,4,5,5,5,5,24,1.128e-06
seed,1,weno5-z,smooth,2,4,5,5,5,5,24,1.077e-06
seed,2,weno5-z,smooth,2,4,5,5,5,5,24,1.088e-06
eps,0.01,weno5-z,smooth,2,4,5,6,6,8,23,1.758e-03
eps,0.001,weno5-z,smooth,2,4,5,5,5,5,21,4.655e-05
eps,1e-05,weno5-z,smooth,2,4,5,5,5,5,24,1.128e-06
eps,1e-07,weno5-z,smooth,2,4,5,5,5,5,35,6.192e-07
fd_delta,0.0001,weno5-z,smooth,3,5,5,5,5,5,,
fd_delta,1e-05,weno5-z,smooth,3,5,5,5,5,5,,
fd_delta,1e-06,weno5-z,smooth,3,5,5,5,5,5,,
floor,0.01,muscl-minmod,extremum,2,3,5,5,5,6,10,5.665e-03
floor,0.001,muscl-minmod,extremum,2,4,5,6,7,7,10,5.665e-03
floor,0.0001,muscl-minmod,extremum,2,4,5,6,7,9,10,5.665e-03
M,100,muscl-minmod,extremum,2,4,5,6,7,7,18,6.185e-03
M,200,muscl-minmod,extremum,2,4,5,6,7,7,13,5.937e-03
M,400,muscl-minmod,extremum,2,4,5,6,7,7,10,5.665e-03
M,800,muscl-minmod,extremum,2,4,5,6,7,7,9,5.641e-03
seed,0,muscl-minmod,extremum,2,4,5,6,7,7,10,5.665e-03
seed,1,muscl-minmod,extremum,2,4,5,6,7,7,10,5.298e-03
seed,2,muscl-minmod,extremum,2,4,5,6,7,7,11,5.396e-03
eps,0.01,muscl-minmod,extremum,2,4,6,7,9,14,12,9.848e-03
eps,0.001,muscl-minmod,extremum,2,4,5,6,7,7,8,5.665e-03
eps,1e-05,muscl-minmod,extremum,2,4,5,6,7,7,10,5.665e-03
eps,1e-07,muscl-minmod,extremum,2,4,5,6,7,7,18,5.665e-03
fd_delta,0.0001,muscl-minmod,extremum,2,4,5,5,5,5,,
fd_delta,1e-05,muscl-minmod,extremum,2,4,5,5,5,5,,
fd_delta,1e-06,muscl-minmod,extremum,2,4,5,5,5,5,,
floor,0.01,muscl-mc,extremum,2,3,4,5,5,6,11,4.616e-03
floor,0.001,muscl-mc,extremum,2,4,5,6,7,8,11,4.616e-03
floor,0.0001,muscl-mc,extremum,2,4,5,6,7,9,11,4.616e-03
M,100,muscl-mc,extremum,2,4,5,6,7,8,18,4.886e-03
M,200,muscl-mc,extremum,2,4,5,6,7,8,14,4.574e-03
M,400,muscl-mc,extremum,2,4,5,6,7,8,11,4.616e-03
M,800,muscl-mc,extremum,2,4,5,6,7,8,9,4.586e-03
seed,0,muscl-mc,extremum,2,4,5,6,7,8,11,4.616e-03
seed,1,muscl-mc,extremum,2,4,5,6,7,8,11,4.470e-03
seed,2,muscl-mc,extremum,2,4,5,6,7,8,11,4.941e-03
eps,0.01,muscl-mc,extremum,2,4,5,6,7,15,12,1.125e-02
eps,0.001,muscl-mc,extremum,2,4,5,6,7,10,12,5.941e-03
eps,1e-05,muscl-mc,extremum,2,4,5,6,7,8,11,4.616e-03
eps,1e-07,muscl-mc,extremum,2,4,5,6,7,8,18,4.616e-03
fd_delta,0.0001,muscl-mc,extremum,2,4,5,5,5,5,,
fd_delta,1e-05,muscl-mc,extremum,2,4,5,5,5,5,,
fd_delta,1e-06,muscl-mc,extremum,2,4,5,5,5,5,,
floor,0.01,muscl-vanleer,extremum,2,3,4,5,5,6,14,4.186e-03
floor,0.001,muscl-vanleer,extremum,2,4,5,6,7,8,14,4.186e-03
floor,0.0001,muscl-vanleer,extremum,2,4,5,6,7,9,14,4.186e-03
M,100,muscl-vanleer,extremum,2,4,5,6,7,8,18,4.503e-03
M,200,muscl-vanleer,extremum,2,4,5,6,7,8,16,4.273e-03
M,400,muscl-vanleer,extremum,2,4,5,6,7,8,14,4.186e-03
M,800,muscl-vanleer,extremum,2,4,5,6,7,8,13,4.132e-03
seed,0,muscl-vanleer,extremum,2,4,5,6,7,8,14,4.186e-03
seed,1,muscl-vanleer,extremum,2,4,5,6,7,8,13,3.923e-03
seed,2,muscl-vanleer,extremum,2,4,5,6,7,8,14,4.282e-03
eps,0.01,muscl-vanleer,extremum,2,4,5,6,7,14,12,6.348e-03
eps,0.001,muscl-vanleer,extremum,2,4,5,6,7,10,12,4.227e-03
eps,1e-05,muscl-vanleer,extremum,2,4,5,6,7,8,14,4.186e-03
eps,1e-07,muscl-vanleer,extremum,2,4,5,6,7,8,18,4.187e-03
fd_delta,0.0001,muscl-vanleer,extremum,2,4,5,5,5,5,,
fd_delta,1e-05,muscl-vanleer,extremum,2,4,5,5,5,5,,
fd_delta,1e-06,muscl-vanleer,extremum,2,4,5,5,5,5,,
floor,0.01,muscl-superbee,extremum,1,2,3,4,4,5,7,3.922e-11
floor,0.001,muscl-superbee,extremum,1,2,3,4,5,7,7,3.922e-11
floor,0.0001,muscl-superbee,extremum,1,2,3,4,5,9,7,3.922e-11
M,100,muscl-superbee,extremum,1,2,3,4,5,7,11,4.033e-11
M,200,muscl-superbee,extremum,1,2,3,4,5,7,9,4.068e-11
M,400,muscl-superbee,extremum,1,2,3,4,5,7,7,3.922e-11
M,800,muscl-superbee,extremum,1,2,3,4,5,7,6,3.999e-11
seed,0,muscl-superbee,extremum,1,2,3,4,5,7,7,3.922e-11
seed,1,muscl-superbee,extremum,1,2,3,4,5,7,7,3.845e-11
seed,2,muscl-superbee,extremum,1,2,3,4,5,7,7,3.928e-11
eps,0.01,muscl-superbee,extremum,2,4,6,7,8,17,8,1.425e-02
eps,0.001,muscl-superbee,extremum,1,2,3,4,5,9,5,3.295e-13
eps,1e-05,muscl-superbee,extremum,1,2,3,4,5,7,7,3.922e-11
eps,1e-07,muscl-superbee,extremum,1,2,3,4,5,7,12,3.927e-09
fd_delta,0.0001,muscl-superbee,extremum,1,2,3,4,5,5,,
fd_delta,1e-05,muscl-superbee,extremum,1,2,3,4,5,5,,
fd_delta,1e-06,muscl-superbee,extremum,1,2,3,4,5,5,,
floor,0.01,weno5-js,extremum,2,4,5,5,5,5,23,2.450e-05
floor,0.001,weno5-js,extremum,2,4,5,5,5,5,23,2.450e-05
floor,0.0001,weno5-js,extremum,2,4,5,5,5,6,23,2.450e-05
M,100,weno5-js,extremum,2,4,5,5,5,5,33,2.751e-05
M,200,weno5-js,extremum,2,4,5,5,5,5,30,2.512e-05
M,400,weno5-js,extremum,2,4,5,5,5,5,23,2.450e-05
M,800,weno5-js,extremum,2,4,5,5,5,5,20,2.571e-05
seed,0,weno5-js,extremum,2,4,5,5,5,5,23,2.450e-05
seed,1,weno5-js,extremum,2,4,5,5,5,5,24,2.632e-05
seed,2,weno5-js,extremum,2,4,5,5,5,5,24,2.813e-05
eps,0.01,weno5-js,extremum,2,4,6,9,10,19,26,1.452e-02
eps,0.001,weno5-js,extremum,2,4,5,6,7,11,23,2.939e-03
eps,1e-05,weno5-js,extremum,2,4,5,5,5,5,23,2.450e-05
eps,1e-07,weno5-js,extremum,2,4,5,5,5,5,35,2.446e-07
fd_delta,0.0001,weno5-js,extremum,3,5,5,5,5,5,,
fd_delta,1e-05,weno5-js,extremum,3,5,5,5,5,5,,
fd_delta,1e-06,weno5-js,extremum,3,5,5,5,5,5,,
floor,0.01,weno5-m,extremum,2,4,5,5,5,5,21,2.878e-08
floor,0.001,weno5-m,extremum,2,4,5,5,5,5,21,2.878e-08
floor,0.0001,weno5-m,extremum,2,4,5,5,5,5,21,2.878e-08
M,100,weno5-m,extremum,2,4,5,5,5,5,34,3.153e-08
M,200,weno5-m,extremum,2,4,5,5,5,5,28,3.078e-08
M,400,weno5-m,extremum,2,4,5,5,5,5,21,2.878e-08
M,800,weno5-m,extremum,2,4,5,5,5,5,17,3.164e-08
seed,0,weno5-m,extremum,2,4,5,5,5,5,21,2.878e-08
seed,1,weno5-m,extremum,2,4,5,5,5,5,21,3.124e-08
seed,2,weno5-m,extremum,2,4,5,5,5,5,21,3.501e-08
eps,0.01,weno5-m,extremum,2,4,6,8,10,17,24,1.315e-02
eps,0.001,weno5-m,extremum,2,4,5,5,5,6,23,8.795e-04
eps,1e-05,weno5-m,extremum,2,4,5,5,5,5,21,2.878e-08
eps,1e-07,weno5-m,extremum,2,4,5,5,5,5,35,9.700e-09
fd_delta,0.0001,weno5-m,extremum,3,5,5,5,5,5,,
fd_delta,1e-05,weno5-m,extremum,3,5,5,5,5,5,,
fd_delta,1e-06,weno5-m,extremum,3,5,5,5,5,5,,
floor,0.01,weno5-z,extremum,2,4,5,5,5,5,22,5.503e-07
floor,0.001,weno5-z,extremum,2,4,5,5,5,5,22,5.503e-07
floor,0.0001,weno5-z,extremum,2,4,5,5,5,5,22,5.503e-07
M,100,weno5-z,extremum,2,4,5,5,5,5,34,5.702e-07
M,200,weno5-z,extremum,2,4,5,5,5,5,30,5.386e-07
M,400,weno5-z,extremum,2,4,5,5,5,5,22,5.503e-07
M,800,weno5-z,extremum,2,4,5,5,5,5,20,5.711e-07
seed,0,weno5-z,extremum,2,4,5,5,5,5,22,5.503e-07
seed,1,weno5-z,extremum,2,4,5,5,5,5,23,5.729e-07
seed,2,weno5-z,extremum,2,4,5,5,5,5,23,6.000e-07
eps,0.01,weno5-z,extremum,2,4,6,8,9,16,24,9.666e-03
eps,0.001,weno5-z,extremum,2,4,5,5,5,6,23,3.996e-04
eps,1e-05,weno5-z,extremum,2,4,5,5,5,5,22,5.503e-07
eps,1e-07,weno5-z,extremum,2,4,5,5,5,5,35,9.293e-08
fd_delta,0.0001,weno5-z,extremum,3,5,5,5,5,5,,
fd_delta,1e-05,weno5-z,extremum,3,5,5,5,5,5,,
fd_delta,1e-06,weno5-z,extremum,3,5,5,5,5,5,,
floor,0.01,muscl-minmod,jump,1,2,3,4,4,6,8,4.321e-11
floor,0.001,muscl-minmod,jump,1,2,3,4,5,12,8,4.321e-11
floor,0.0001,muscl-minmod,jump,1,2,3,4,5,15,8,4.321e-11
M,100,muscl-minmod,jump,1,2,3,4,5,12,11,4.578e-11
M,200,muscl-minmod,jump,1,2,3,4,5,12,10,4.270e-11
M,400,muscl-minmod,jump,1,2,3,4,5,12,8,4.321e-11
M,800,muscl-minmod,jump,1,2,3,4,5,12,6,4.526e-11
seed,0,muscl-minmod,jump,1,2,3,4,5,12,8,4.321e-11
seed,1,muscl-minmod,jump,1,2,3,4,5,12,8,4.255e-11
seed,2,muscl-minmod,jump,1,2,3,4,5,12,8,4.454e-11
eps,0.01,muscl-minmod,jump,1,2,3,4,5,12,5,4.407e-14
eps,0.001,muscl-minmod,jump,1,2,3,4,5,11,5,4.410e-13
eps,1e-05,muscl-minmod,jump,1,2,3,4,5,12,8,4.321e-11
eps,1e-07,muscl-minmod,jump,1,2,3,4,5,12,11,4.312e-09
fd_delta,0.0001,muscl-minmod,jump,1,2,3,4,5,5,,
fd_delta,1e-05,muscl-minmod,jump,1,2,3,4,5,5,,
fd_delta,1e-06,muscl-minmod,jump,1,2,3,4,5,5,,
floor,0.01,muscl-mc,jump,1,2,3,4,5,7,8,3.734e-11
floor,0.001,muscl-mc,jump,1,2,3,4,5,12,8,3.734e-11
floor,0.0001,muscl-mc,jump,1,2,3,4,5,15,8,3.734e-11
M,100,muscl-mc,jump,1,2,3,4,5,12,11,3.665e-11
M,200,muscl-mc,jump,1,2,3,4,5,12,11,3.536e-11
M,400,muscl-mc,jump,1,2,3,4,5,12,8,3.734e-11
M,800,muscl-mc,jump,1,2,3,4,5,12,6,3.834e-11
seed,0,muscl-mc,jump,1,2,3,4,5,12,8,3.734e-11
seed,1,muscl-mc,jump,1,2,3,4,5,12,8,3.559e-11
seed,2,muscl-mc,jump,1,2,3,4,5,12,8,3.770e-11
eps,0.01,muscl-mc,jump,1,2,3,4,5,12,5,3.892e-14
eps,0.001,muscl-mc,jump,1,2,3,4,5,12,5,3.321e-13
eps,1e-05,muscl-mc,jump,1,2,3,4,5,12,8,3.734e-11
eps,1e-07,muscl-mc,jump,1,2,3,4,5,12,11,3.678e-09
fd_delta,0.0001,muscl-mc,jump,1,2,3,4,5,5,,
fd_delta,1e-05,muscl-mc,jump,1,2,3,4,5,5,,
fd_delta,1e-06,muscl-mc,jump,1,2,3,4,5,5,,
floor,0.01,muscl-vanleer,jump,1,2,3,4,4,7,7,3.947e-11
floor,0.001,muscl-vanleer,jump,1,2,3,4,5,11,7,3.947e-11
floor,0.0001,muscl-vanleer,jump,1,2,3,4,5,14,7,3.947e-11
M,100,muscl-vanleer,jump,1,2,3,4,5,11,11,3.866e-11
M,200,muscl-vanleer,jump,1,2,3,4,5,11,10,3.739e-11
M,400,muscl-vanleer,jump,1,2,3,4,5,11,7,3.947e-11
M,800,muscl-vanleer,jump,1,2,3,4,5,11,6,4.099e-11
seed,0,muscl-vanleer,jump,1,2,3,4,5,11,7,3.947e-11
seed,1,muscl-vanleer,jump,1,2,3,4,5,11,7,3.924e-11
seed,2,muscl-vanleer,jump,1,2,3,4,5,11,8,4.112e-11
eps,0.01,muscl-vanleer,jump,1,2,3,4,5,12,5,3.799e-14
eps,0.001,muscl-vanleer,jump,1,2,3,4,5,12,5,3.794e-13
eps,1e-05,muscl-vanleer,jump,1,2,3,4,5,11,7,3.947e-11
eps,1e-07,muscl-vanleer,jump,1,2,3,4,5,11,11,3.922e-09
fd_delta,0.0001,muscl-vanleer,jump,1,2,3,4,5,5,,
fd_delta,1e-05,muscl-vanleer,jump,1,2,3,4,5,5,,
fd_delta,1e-06,muscl-vanleer,jump,1,2,3,4,5,5,,
floor,0.01,muscl-superbee,jump,1,2,3,4,5,8,8,3.572e-11
floor,0.001,muscl-superbee,jump,1,2,3,4,5,13,8,3.572e-11
floor,0.0001,muscl-superbee,jump,1,2,3,4,5,15,8,3.572e-11
M,100,muscl-superbee,jump,1,2,3,4,5,13,11,3.541e-11
M,200,muscl-superbee,jump,1,2,3,4,5,13,10,3.534e-11
M,400,muscl-superbee,jump,1,2,3,4,5,13,8,3.572e-11
M,800,muscl-superbee,jump,1,2,3,4,5,13,6,3.655e-11
seed,0,muscl-superbee,jump,1,2,3,4,5,13,8,3.572e-11
seed,1,muscl-superbee,jump,1,2,3,4,5,13,8,3.441e-11
seed,2,muscl-superbee,jump,1,2,3,4,5,13,8,3.640e-11
eps,0.01,muscl-superbee,jump,1,2,3,4,5,14,5,3.715e-14
eps,0.001,muscl-superbee,jump,1,2,3,4,5,14,5,3.605e-13
eps,1e-05,muscl-superbee,jump,1,2,3,4,5,13,8,3.572e-11
eps,1e-07,muscl-superbee,jump,1,2,3,4,5,13,11,3.710e-09
fd_delta,0.0001,muscl-superbee,jump,1,2,3,4,5,5,,
fd_delta,1e-05,muscl-superbee,jump,1,2,3,4,5,5,,
fd_delta,1e-06,muscl-superbee,jump,1,2,3,4,5,5,,
floor,0.01,weno5-js,jump,2,4,5,5,5,5,23,6.041e-06
floor,0.001,weno5-js,jump,2,4,5,5,5,5,23,6.041e-06
floor,0.0001,weno5-js,jump,2,4,5,5,5,5,23,6.041e-06
M,100,weno5-js,jump,2,4,5,5,5,5,30,5.546e-06
M,200,weno5-js,jump,2,4,5,5,5,5,28,5.602e-06
M,400,weno5-js,jump,2,4,5,5,5,5,23,6.041e-06
M,800,weno5-js,jump,2,4,5,5,5,5,19,5.849e-06
seed,0,weno5-js,jump,2,4,5,5,5,5,23,6.041e-06
seed,1,weno5-js,jump,2,4,5,5,5,5,24,6.036e-06
seed,2,weno5-js,jump,2,4,5,5,5,5,24,5.561e-06
eps,0.01,weno5-js,jump,2,4,6,7,8,14,20,5.163e-03
eps,0.001,weno5-js,jump,2,4,6,7,8,11,19,5.673e-03
eps,1e-05,weno5-js,jump,2,4,5,5,5,5,23,6.041e-06
eps,1e-07,weno5-js,jump,2,4,5,5,5,5,31,5.135e-08
fd_delta,0.0001,weno5-js,jump,2,5,5,5,5,5,,
fd_delta,1e-05,weno5-js,jump,2,5,5,5,5,5,,
fd_delta,1e-06,weno5-js,jump,2,5,5,5,5,5,,
floor,0.01,weno5-m,jump,2,4,5,5,5,5,23,1.614e-06
floor,0.001,weno5-m,jump,2,4,5,5,5,5,23,1.614e-06
floor,0.0001,weno5-m,jump,2,4,5,5,5,5,23,1.614e-06
M,100,weno5-m,jump,2,4,5,5,5,5,30,1.509e-06
M,200,weno5-m,jump,2,4,5,5,5,5,29,1.638e-06
M,400,weno5-m,jump,2,4,5,5,5,5,23,1.614e-06
M,800,weno5-m,jump,2,4,5,5,5,5,18,1.613e-06
seed,0,weno5-m,jump,2,4,5,5,5,5,23,1.614e-06
seed,1,weno5-m,jump,2,4,5,5,5,5,23,1.656e-06
seed,2,weno5-m,jump,2,4,5,5,5,5,24,1.555e-06
eps,0.01,weno5-m,jump,2,4,6,8,9,15,21,8.005e-03
eps,0.001,weno5-m,jump,2,4,6,7,7,10,20,3.682e-03
eps,1e-05,weno5-m,jump,2,4,5,5,5,5,23,1.614e-06
eps,1e-07,weno5-m,jump,2,4,5,5,5,5,30,1.641e-08
fd_delta,0.0001,weno5-m,jump,2,5,5,5,5,5,,
fd_delta,1e-05,weno5-m,jump,2,5,5,5,5,5,,
fd_delta,1e-06,weno5-m,jump,2,5,5,5,5,5,,
floor,0.01,weno5-z,jump,1,2,3,3,4,5,11,3.425e-05
floor,0.001,weno5-z,jump,1,2,3,4,5,12,11,3.425e-05
floor,0.0001,weno5-z,jump,1,2,3,4,5,16,11,3.425e-05
M,100,weno5-z,jump,1,2,3,4,5,12,15,3.148e-05
M,200,weno5-z,jump,1,2,3,4,5,12,14,3.278e-05
M,400,weno5-z,jump,1,2,3,4,5,12,11,3.425e-05
M,800,weno5-z,jump,1,2,3,4,5,12,9,3.466e-05
seed,0,weno5-z,jump,1,2,3,4,5,12,11,3.425e-05
seed,1,weno5-z,jump,1,2,3,4,5,12,11,3.357e-05
seed,2,weno5-z,jump,1,2,3,4,5,12,12,3.404e-05
eps,0.01,weno5-z,jump,1,2,3,4,5,12,8,2.678e-05
eps,0.001,weno5-z,jump,1,2,3,4,5,12,8,3.326e-05
eps,1e-05,weno5-z,jump,1,2,3,4,5,12,11,3.425e-05
eps,1e-07,weno5-z,jump,1,2,3,4,5,10,16,3.426e-05
fd_delta,0.0001,weno5-z,jump,1,2,3,5,5,5,,
fd_delta,1e-05,weno5-z,jump,1,2,3,5,5,5,,
fd_delta,1e-06,weno5-z,jump,1,2,3,5,5,5,,
