scheme,L,q,gamma_fit,gamma_predicted,abs_error
uw1,1,1,0.9999999999999929,1,7.105427357601002e-15
uw1,2,2,2.0034048031290745,2,0.0034048031290745406
uw1,3,3,3.0081023794138355,3,0.008102379413835514
uw1,4,4,4.012656183970116,4,0.012656183970116253
uw1,5,5,5.017272732389844,5,0.01727273238984406
lw,1,2,1.0053509509151486,1,0.005350950915148589
lw,2,4,1.9949937627438314,2,0.005006237256168555
lw,3,5,3.0014030108442387,3,0.0014030108442386613
lw,4,5,3.0012375814298777,3,0.0012375814298777321
lw,5,5,3.0010758962560526,3,0.0010758962560526442
bw,1,1,0.9965743365175631,1,0.0034256634824368914
bw,2,2,1.998834013989332,2,0.0011659860106680853
bw,3,3,3.0029888815906287,3,0.0029888815906287114
bw,4,5,3.954677050984206,4,0.045322949015794034
bw,5,5,3.9519310164899153,4,0.048068983510084706
fromm,1,2,0.9922361924175401,1,0.00776380758245987
fromm,2,4,1.9881812726217594,2,0.011818727378240634
fromm,3,5,3.001049207844211,3,0.0010492078442108088
fromm,4,5,2.996213779011643,3,0.003786220988356792
fromm,5,5,2.9912409956092767,3,0.008759004390723302
ub3,1,2,0.9938505039332135,1,0.006149496066786497
ub3,2,4,1.9780795958250799,2,0.02192040417492014
ub3,3,5,3.0151779911787537,3,0.015177991178753736
ub3,4,5,3.0117988877052064,3,0.011798887705206429
ub3,5,5,3.0084221163791938,3,0.008422116379193767
ub5,1,2,0.99891966094897,1,0.0010803390510299993
ub5,2,4,1.9818238663283154,2,0.01817613367168458
ub5,3,5,3.014380838584226,3,0.014380838584226119
ub5,4,5,3.01288859252921,3,0.01288859252920993
ub5,5,5,3.0114008335703057,3,0.011400833570305746
weno5l,1,2,0.999999999999999,1,9.992007221626409e-16
weno5l,2,4,2.0041910174233606,2,0.004191017423360588
weno5l,3,5,3.0016595247478146,3,0.0016595247478146113
weno5l,4,5,3.0003728217195107,3,0.0003728217195106964
weno5l,5,5,2.9990901935018566,3,0.0009098064981434284
