scheme,L,q,lambda,sigma_min_plus
uw1,1,1,0.001,0.0002357022603955225
uw1,1,1,0.0015587755020547783,0.00036740690928347525
uw1,1,1,0.0024297810658061286,0.0005727048894767336
uw1,1,1,0.003787483200735143,0.0008927183516233215
uw1,1,1,0.005903836027749967,0.0013915474967451504
uw1,1,1,0.009202754968205043,0.002169110147871993
uw1,1,1,0.014345028995850929,0.003381155759761282
uw1,1,1,0.022360679774997897,0.005270462766947298
uw1,1,1,0.03485527984255849,0.008215468245609295
uw1,1,1,0.05433155633584393,0.012806070639164722
uw1,1,1,0.08469069900482264,0.019961789189912958
uw1,1,1,0.1320137868606126,0.03111594796641824
uw1,1,1,0.2057798568918039,0.04850277741326395
uw1,1,1,0.3207645997392824,0.07560494121341174
uw1,1,1,0.5,0.11785113019775792
uw1,2,2,0.001,1.0545142536000952e-07
uw1,2,2,0.0015587755020547783,2.562811443993716e-07
uw1,2,2,0.0024297810658061286,6.229240189429357e-07
uw1,2,2,0.003787483200735143,1.5143909419955493e-06
uw1,2,2,0.005903836027749967,3.6827531866887195e-06
uw1,2,2,0.009202754968205043,8.960090471903033e-06
uw1,2,2,0.014345028995850929,2.181583049667348e-05
uw1,2,2,0.022360679774997897,5.317758935358602e-05
uw1,2,2,0.03485527984255849,0.0001298552551378988
uw1,2,2,0.05433155633584393,0.0003179748220348234
uw1,2,2,0.08469069900482264,0.0007819673363352396
uw1,2,2,0.1320137868606126,0.001935774369822158
uw1,2,2,0.2057798568918039,0.004840527434281076
uw1,2,2,0.3207645997392824,0.012285974566888213
uw1,2,2,0.5,0.031830500937508756
uw1,3,3,0.001,5.4125066840862496e-11
uw1,3,3,0.0015587755020547783,2.0510634909330378e-10
uw1,3,3,0.0024297810658061286,7.774784100806157e-10
uw1,3,3,0.003787483200735143,2.9484789473672634e-09
uw1,3,3,0.005903836027749967,1.1189750145892188e-08
uw1,3,3,0.009202754968205043,4.2513863755154574e-08
uw1,3,3,0.014345028995850929,1.6180885275421048e-07
uw1,3,3,0.022360679774997897,6.175379496080865e-07
uw1,3,3,0.03485527984255849,2.3669317830981215e-06
uw1,3,3,0.05433155633584393,9.133201691697813e-06
uw1,3,3,0.08469069900482264,3.561544328645019e-05
uw1,3,3,0.1320137868606126,0.00014120919065710121
uw1,3,3,0.2057798568918039,0.0005747276687012113
uw1,3,3,0.3207645997392824,0.0024373693426970704
uw1,3,3,0.5,0.01100153298656112
uw1,4,4,0.001,2.8417677365641474e-14
uw1,4,4,0.0015587755020547783,1.6790834959897477e-13
uw1,4,4,0.0024297810658061286,9.925863185737596e-13
uw1,4,4,0.003787483200735143,5.871850796924329e-12
uw1,4,4,0.005903836027749967,3.47752195520242e-11
uw1,4,4,0.009202754968205043,2.0631306999056534e-10
uw1,4,4,0.014345028995850929,1.2273649030697395e-09
uw1,4,4,0.022360679774997897,7.3329970614727404e-09
uw1,4,4,0.03485527984255849,4.410663188640371e-08
uw1,4,4,0.05433155633584393,2.681037543962677e-07
uw1,4,4,0.08469069900482264,1.6569732488339585e-06
uw1,4,4,0.1320137868606126,1.0513775865172145e-05
uw1,4,4,0.2057798568918039,6.95721298685177e-05
uw1,4,4,0.3207645997392824,0.0004924250897434919
uw1,4,4,0.5,0.003877216159864174
uw1,5,5,0.001,1.490201107436457e-17
uw1,5,5,0.0015587755020547783,1.3710910792924995e-16
uw1,5,5,0.0024297810658061286,1.2666824625213841e-15
uw1,5,5,0.003787483200735143,1.1683047055788381e-14
uw1,5,5,0.005903836027749967,1.079725464478964e-13
uw1,5,5,0.009202754968205043,1.0002067816711416e-12
uw1,5,5,0.014345028995850929,9.299804918723049e-12
uw1,5,5,0.022360679774997897,8.696979499778585e-11
uw1,5,5,0.03485527984255849,8.207259859242516e-10
uw1,5,5,0.05433155633584393,7.85623112396387e-09
uw1,5,5,0.08469069900482264,7.691303929121275e-08
uw1,5,5,0.1320137868606126,7.804018899550752e-07
uw1,5,5,0.2057798568918039,8.38618570962961e-06
uw1,5,5,0.3207645997392824,9.891332644623324e-05
uw1,5,5,0.5,0.0013574099802340347
lw,1,2,0.001,7.986285074944274e-05
lw,1,2,0.0015587755020547783,0.000124533830552488
lw,1,2,0.0024297810658061286,0.00019423083457002487
lw,1,2,0.003787483200735143,0.0003030301668923621
lw,1,2,0.005903836027749967,0.000473004226103962
lw,1,2,0.009202754968205043,0.0007388720903991136
lw,1,2,0.014345028995850929,0.0011554978737026908
lw,1,2,0.022360679774997897,0.0018101498240128608
lw,1,2,0.03485527984255849,0.002842858854414876
lw,1,2,0.05433155633584393,0.004480623579557379
lw,1,2,0.08469069900482264,0.007094312878936781
lw,1,2,0.1320137868606126,0.01128506331597759
lw,1,2,0.2057798568918039,0.01795889826631636
lw,1,2,0.3207645997392824,0.028004169374656825
lw,1,2,0.5,0.039232966673617045
lw,2,4,0.001,1.8633502739900617e-08
lw,2,4,0.0015587755020547783,4.527395307829526e-08
lw,2,4,0.0024297810658061286,1.0999765668598902e-07
lw,2,4,0.003787483200735143,2.672222466919144e-07
lw,2,4,0.005903836027749967,6.490092225414635e-07
lw,2,4,0.009202754968205043,1.5752963579179836e-06
lw,2,4,0.014345028995850929,3.818038238456127e-06
lw,2,4,0.022360679774997897,9.22272952852926e-06
lw,2,4,0.03485527984255849,2.211646551816469e-05
lw,2,4,0.05433155633584393,5.228310929061386e-05
lw,2,4,0.08469069900482264,0.00012054600116388711
lw,2,4,0.1320137868606126,0.0002669484455212443
lw,2,4,0.2057798568918039,0.0005541630128998425
lw,2,4,0.3207645997392824,0.0010301345774364826
lw,2,4,0.5,0.001528161288348921
lw,3,5,0.001,8.278375008545204e-12
lw,3,5,0.0015587755020547783,3.1354444845954155e-11
lw,3,5,0.0024297810658061286,1.187566962361511e-10
lw,3,5,0.003787483200735143,4.4980985476774024e-10
lw,3,5,0.005903836027749967,1.7038392772076098e-09
lw,3,5,0.009202754968205043,6.455029558472077e-09
lw,3,5,0.014345028995850929,2.4464576734272657e-08
lw,3,5,0.022360679774997897,9.280882095182658e-08
lw,3,5,0.03485527984255849,3.528891162318569e-07
lw,3,5,0.05433155633584393,1.3492386544609184e-06
lw,3,5,0.08469069900482264,5.2269503046540045e-06
lw,3,5,0.1320137868606126,2.087343348335176e-05
lw,3,5,0.2057798568918039,8.904231996206763e-05
lw,3,5,0.3207645997392824,0.0004316004919466156
lw,3,5,0.5,0.0023469127148638895
lw,4,5,0.001,2.4075761211993468e-11
lw,4,5,0.0015587755020547783,9.118720667750931e-11
lw,4,5,0.0024297810658061286,3.453758378768026e-10
lw,4,5,0.003787483200735143,1.3081587322503456e-09
lw,4,5,0.005903836027749967,4.955121914179288e-09
lw,4,5,0.009202754968205043,1.8771975258309778e-08
lw,4,5,0.014345028995850929,7.114026310245932e-08
lw,4,5,0.022360679774997897,2.698263884477853e-07
lw,4,5,0.03485527984255849,1.0254925624414006e-06
lw,4,5,0.05433155633584393,3.9164582965065266e-06
lw,4,5,0.08469069900482264,1.5130579418053278e-05
lw,4,5,0.1320137868606126,6.001231077630265e-05
lw,4,5,0.2057798568918039,0.0002515911822593841
lw,4,5,0.3207645997392824,0.001159972906705382
lw,4,5,0.5,0.004385258430951231
lw,5,5,0.001,5.234557789475536e-11
lw,5,5,0.0015587755020547783,1.982591832382223e-10
lw,5,5,0.0024297810658061286,7.509143455278211e-10
lw,5,5,0.003787483200735143,2.844176734845958e-09
lw,5,5,0.005903836027749967,1.0773203573737539e-08
lw,5,5,0.009202754968205043,4.0811903163940865e-08
lw,5,5,0.014345028995850929,1.546532930556125e-07
lw,5,5,0.022360679774997897,5.864722744018865e-07
lw,5,5,0.03485527984255849,2.2279188697508863e-06
lw,5,5,0.05433155633584393,8.499277303430892e-06
lw,5,5,0.08469069900482264,3.274702624058152e-05
lw,5,5,0.1320137868606126,0.00012901666050834355
lw,5,5,0.2057798568918039,0.0005315913163532347
lw,5,5,0.3207645997392824,0.0023238885897944573
lw,5,5,0.5,0.006256478219656945
bw,1,1,0.001,0.0003725289325080013
bw,1,1,0.0015587755020547783,0.0005805591485815791
bw,1,1,0.0024297810658061286,0.0009046459540438637
bw,1,1,0.003787483200735143,0.0014093736249933457
bw,1,1,0.005903836027749967,0.0021950354000926627
bw,1,1,0.009202754968205043,0.003417045168199258
bw,1,1,0.014345028995850929,0.005315422941657136
bw,1,1,0.022360679774997897,0.008258881819071457
bw,1,1,0.03485527984255849,0.01280901074494979
bw,1,1,0.05433155633584393,0.019809351530314743
bw,1,1,0.08469069900482264,0.03049783070065266
bw,1,1,0.1320137868606126,0.04661877520896279
bw,1,1,0.2057798568918039,0.07044789175419332
bw,1,1,0.3207645997392824,0.10448580349402341
bw,1,1,0.5,0.15023130314433286
bw,2,2,0.001,3.531197717639761e-07
bw,2,2,0.0015587755020547783,8.579481109869102e-07
bw,2,2,0.0024297810658061286,2.0844134812037076e-06
bw,2,2,0.003787483200735143,5.06385187881217e-06
bw,2,2,0.005903836027749967,1.2300891807702583e-05
bw,2,2,0.009202754968205043,2.9876110549328037e-05
bw,2,2,0.014345028995850929,7.254323263186363e-05
bw,2,2,0.022360679774997897,0.0001760639883868455
bw,2,2,0.03485527984255849,0.0004269559070001764
bw,2,2,0.05433155633584393,0.0010337304305450246
bw,2,2,0.08469069900482264,0.0024948622855756695
bw,2,2,0.1320137868606126,0.005980594512858778
bw,2,2,0.2057798568918039,0.01412206745204675
bw,2,2,0.3207645997392824,0.03221517740628818
bw,2,2,0.5,0.06791120401599661
bw,3,3,0.001,3.8932954224596313e-10
bw,3,3,0.0015587755020547783,1.474891011222143e-09
bw,3,3,0.0024297810658061286,5.5879600194409064e-09
bw,3,3,0.003787483200735143,2.117507973866542e-08
bw,3,3,0.005903836027749967,8.026332428032213e-08
bw,3,3,0.009202754968205043,3.0436323096007026e-07
bw,3,3,0.014345028995850929,1.15489125754267e-06
bw,3,3,0.022360679774997897,4.386204926202077e-06
bw,3,3,0.03485527984255849,1.6679720526795313e-05
bw,3,3,0.05433155633584393,6.35290875382093e-05
bw,3,3,0.08469069900482264,0.00024230792982606365
bw,3,3,0.1320137868606126,0.0009236588735110257
bw,3,3,0.2057798568918039,0.003491325275527767
bw,3,3,0.3207645997392824,0.01275657201446727
bw,3,3,0.5,0.04184225812476911
bw,4,5,0.001,1.428074721831081e-14
bw,4,5,0.0015587755020547783,8.408003334236154e-14
bw,4,5,0.0024297810658061286,4.941705238633563e-13
bw,4,5,0.003787483200735143,2.8967722440851716e-12
bw,4,5,0.005903836027749967,1.6913039425505733e-11
bw,4,5,0.009202754968205043,9.81311420991818e-11
bw,4,5,0.014345028995850929,5.63780156940639e-10
bw,4,5,0.022360679774997897,3.1889296169927733e-09
bw,4,5,0.03485527984255849,1.7595385728333932e-08
bw,4,5,0.05433155633584393,9.327407321301836e-08
bw,4,5,0.08469069900482264,4.6291032783627725e-07
bw,4,5,0.1320137868606126,2.0537020629241883e-06
bw,4,5,0.2057798568918039,7.447924182213762e-06
bw,4,5,0.3207645997392824,1.8120125732871467e-05
bw,4,5,0.5,1.7072032409239418e-05
bw,5,5,0.001,7.256818963417702e-14
bw,5,5,0.0015587755020547783,4.2644749255824537e-13
bw,5,5,0.0024297810658061286,2.4992116187340046e-12
bw,5,5,0.003787483200735143,1.4589097066080128e-11
bw,5,5,0.005903836027749967,8.467120825397689e-11
bw,5,5,0.009202754968205043,4.874466192821401e-10
bw,5,5,0.014345028995850929,2.7789459485856284e-09
bw,5,5,0.022360679774997897,1.5748084727276528e-08
bw,5,5,0.03485527984255849,9.103787430240015e-08
bw,5,5,0.05433155633584393,5.825261048096312e-07
bw,5,5,0.08469069900482264,4.574625944705184e-06
bw,5,5,0.1320137868606126,4.265778343981196e-05
bw,5,5,0.2057798568918039,0.00041551629099198794
bw,5,5,0.3207645997392824,0.00364466546766612
bw,5,5,0.5,0.02332142866822184
fromm,1,2,0.001,9.378298014073632e-05
fromm,1,2,0.0015587755020547783,0.00014611343691386372
fromm,1,2,0.0024297810658061286,0.00022758021264397715
fromm,1,2,0.003787483200735143,0.0003543142353432475
fromm,1,2,0.005903836027749967,0.0005512456505814966
fromm,1,2,0.009202754968205043,0.0008567133998421638
fromm,1,2,0.014345028995850929,0.001329209229870698
fromm,1,2,0.022360679774997897,0.0020568121645470243
fromm,1,2,0.03485527984255849,0.003169254136428984
fromm,1,2,0.05433155633584393,0.004850230719088024
fromm,1,2,0.08469069900482264,0.007340501911135085
fromm,1,2,0.1320137868606126,0.01090250686364605
fromm,1,2,0.2057798568918039,0.015663359113366207
fromm,1,2,0.3207645997392824,0.021107995993897444
fromm,1,2,0.5,0.024603440438150558
fromm,2,4,0.001,4.938935410911794e-09
fromm,2,4,0.0015587755020547783,1.1991377391430507e-08
fromm,2,4,0.0024297810658061286,2.9101757134878853e-08
fromm,2,4,0.003787483200735143,7.057965011992463e-08
fromm,2,4,0.005903836027749967,1.7099625207407117e-07
fromm,2,4,0.009202754968205043,4.1360316956614047e-07
fromm,2,4,0.014345028995850929,9.97852495174404e-07
fromm,2,4,0.022360679774997897,2.3976765268863066e-06
fromm,2,4,0.03485527984255849,5.724306170208138e-06
fromm,2,4,0.05433155633584393,1.3526120043798141e-05
fromm,2,4,0.08469069900482264,3.1426838473794695e-05
fromm,2,4,0.1320137868606126,7.097492124460218e-05
fromm,2,4,0.2057798568918039,0.000152433495792191
fromm,2,4,0.3207645997392824,0.0002968470457366695
fromm,2,4,0.5,0.0004582199576738181
fromm,3,5,0.001,8.940352619276333e-11
fromm,3,5,0.0015587755020547783,3.38638472090007e-10
fromm,3,5,0.0024297810658061286,1.2827296278448005e-09
fromm,3,5,0.003787483200735143,4.859154728125184e-09
fromm,3,5,0.005903836027749967,1.8408900335704486e-08
fromm,3,5,0.009202754968205043,6.975239254882028e-08
fromm,3,5,0.014345028995850929,2.643556893741792e-07
fromm,3,5,0.022360679774997897,1.0022262957758274e-06
fromm,3,5,0.03485527984255849,3.8014645170854435e-06
fromm,3,5,0.05433155633584393,1.4426026306540448e-05
fromm,3,5,0.08469069900482264,5.464529373624551e-05
fromm,3,5,0.1320137868606126,0.00016969270675204116
fromm,3,5,0.2057798568918039,0.0003536661805605221
fromm,3,5,0.3207645997392824,0.0006428337707831372
fromm,3,5,0.5,0.000853306112950595
fromm,4,5,0.001,2.598709816481987e-10
fromm,4,5,0.0015587755020547783,9.840320861449125e-10
fromm,4,5,0.0024297810658061286,3.725673750908242e-09
fromm,4,5,0.003787483200735143,1.4103032307748637e-08
fromm,4,5,0.005903836027749967,5.336805426201853e-08
fromm,4,5,0.009202754968205043,2.0185011928549175e-07
fromm,4,5,0.014345028995850929,7.628130249687086e-07
fromm,4,5,0.022360679774997897,2.878758269898412e-06
fromm,4,5,0.03485527984255849,1.083644862794001e-05
fromm,4,5,0.05433155633584393,4.053148367886454e-05
fromm,4,5,0.08469069900482264,0.00013852162615768395
fromm,4,5,0.1320137868606126,0.0003099425581889137
fromm,4,5,0.2057798568918039,0.0006223283296497897
fromm,4,5,0.3207645997392824,0.001259713346793013
fromm,4,5,0.5,0.005065098076654768
fromm,5,5,0.001,5.647134158524118e-10
fromm,5,5,0.0015587755020547783,2.1377200239188827e-09
fromm,5,5,0.0024297810658061286,8.089936312055388e-09
fromm,5,5,0.003787483200735143,3.0601138274721685e-08
fromm,5,5,0.005903836027749967,1.156675111854272e-07
fromm,5,5,0.009202754968205043,4.366940784501683e-07
fromm,5,5,0.014345028995850929,1.645579260420194e-06
fromm,5,5,0.022360679774997897,6.181083186758021e-06
fromm,5,5,0.03485527984255849,2.3074263467566804e-05
fromm,5,5,0.05433155633584393,8.426420762797034e-05
fromm,5,5,0.08469069900482264,0.00022939856253339336
fromm,5,5,0.1320137868606126,0.00048598070874134356
fromm,5,5,0.2057798568918039,0.0009630204285524597
fromm,5,5,0.3207645997392824,0.0023489263412607916
fromm,5,5,0.5,0.010085524444154548
ub3,1,2,0.001,0.00010626878114153037
ub3,1,2,0.0015587755020547783,0.0001655870736073963
ub3,1,2,0.0024297810658061286,0.00025796166768294915
ub3,1,2,0.003787483200735143,0.0004017344840428801
ub3,1,2,0.005903836027749967,0.000625307838827383
ub3,1,2,0.009202754968205043,0.0009724852625712857
ub3,1,2,0.014345028995850929,0.0015103653071038149
ub3,1,2,0.022360679774997897,0.002340517723111768
ub3,1,2,0.03485527984255849,0.0036133741153828274
ub3,1,2,0.05433155633584393,0.005542302578208445
ub3,1,2,0.08469069900482264,0.008402080126383837
ub3,1,2,0.1320137868606126,0.01246111370849681
ub3,1,2,0.2057798568918039,0.017705024039920796
ub3,1,2,0.3207645997392824,0.023037638723856894
ub3,1,2,0.5,0.024603440438150558
ub3,2,4,0.001,8.764759383059032e-09
ub3,2,4,0.0015587755020547783,2.126603984899285e-08
ub3,2,4,0.0024297810658061286,5.1556835672917e-08
ub3,2,4,0.003787483200735143,1.2483737210707375e-07
ub3,2,4,0.005903836027749967,3.0168820615239515e-07
ub3,2,4,0.009202754968205043,7.268639437342686e-07
ub3,2,4,0.014345028995850929,1.7429554743667438e-06
ub3,2,4,0.022360679774997897,4.148503374735566e-06
ub3,2,4,0.03485527984255849,9.759509216301381e-06
ub3,2,4,0.05433155633584393,2.2540660068753488e-05
ub3,2,4,0.08469069900482264,5.0556021043026454e-05
ub3,2,4,0.1320137868606126,0.00010813438955381145
ub3,2,4,0.2057798568918039,0.0002136038820862085
ub3,2,4,0.3207645997392824,0.00036546616871218273
ub3,2,4,0.5,0.0004582199576738181
ub3,3,5,0.001,4.580058280844092e-11
ub3,3,5,0.0015587755020547783,1.7364271509864362e-10
ub3,3,5,0.0024297810658061286,6.58695794352917e-10
ub3,3,5,0.003787483200735143,2.5008712106730492e-09
ub3,3,5,0.005903836027749967,9.5079392850557e-09
ub3,3,5,0.009202754968205043,3.6224062199611044e-08
ub3,3,5,0.014345028995850929,1.384619762601101e-07
ub3,3,5,0.022360679774997897,5.319482184575356e-07
ub3,3,5,0.03485527984255849,2.0597469863518278e-06
ub3,3,5,0.05433155633584393,8.071905288570618e-06
ub3,3,5,0.08469069900482264,3.2208799631317365e-05
ub3,3,5,0.1320137868606126,0.0001317399483959975
ub3,3,5,0.2057798568918039,0.0004818962313755331
ub3,3,5,0.3207645997392824,0.000799894288187362
ub3,3,5,0.5,0.000853306112950595
ub3,4,5,0.001,1.3315134717066035e-10
ub3,4,5,0.0015587755020547783,5.047087926461963e-10
ub3,4,5,0.0024297810658061286,1.913938935854805e-09
ub3,4,5,0.003787483200735143,7.262956574055931e-09
ub3,4,5,0.005903836027749967,2.7590606640178997e-08
ub3,4,5,0.009202754968205043,1.0498422907590467e-07
ub3,4,5,0.014345028995850929,4.0048551199928736e-07
ub3,4,5,0.022360679774997897,1.533650986276178e-06
ub3,4,5,0.03485527984255849,5.907170389732672e-06
ub3,4,5,0.05433155633584393,2.2943196583103356e-05
ub3,4,5,0.08469069900482264,9.004884840748802e-05
ub3,4,5,0.1320137868606126,0.0003517017791135237
ub3,4,5,0.2057798568918039,0.000869456129624903
ub3,4,5,0.3207645997392824,0.0014043263967840646
ub3,4,5,0.5,0.005065098076654768
ub3,5,5,0.001,2.8939201994649493e-10
ub3,5,5,0.0015587755020547783,1.096712094339852e-09
ub3,5,5,0.0024297810658061286,4.157576482723904e-09
ub3,5,5,0.003787483200735143,1.5769096320459167e-08
ub3,5,5,0.005903836027749967,5.98563892616345e-08
ub3,5,5,0.009202754968205043,2.2747279831246762e-07
ub3,5,5,0.014345028995850929,8.660152059463179e-07
ub3,5,5,0.022360679774997897,3.305711681360228e-06
ub3,5,5,0.03485527984255849,1.2664831280747425e-05
ub3,5,5,0.05433155633584393,4.87341217037258e-05
ub3,5,5,0.08469069900482264,0.0001876858544222848
ub3,5,5,0.1320137868606126,0.0006652555504189615
ub3,5,5,0.2057798568918039,0.0013264996645432478
ub3,5,5,0.3207645997392824,0.002294613284180667
ub3,5,5,0.5,0.010085524444154548
ub5,1,2,0.001,0.00012348073119571525
ub5,1,2,0.0015587755020547783,0.00019247121133876945
ub5,1,2,0.0024297810658061286,0.00030000035557395225
ub5,1,2,0.003787483200735143,0.0004675840151220195
ub5,1,2,0.005903836027749967,0.0007287280149929918
ub5,1,2,0.009202754968205043,0.0011355646811774085
ub5,1,2,0.014345028995850929,0.0017690608107050897
ub5,1,2,0.022360679774997897,0.0027544663605661743
ub5,1,2,0.03485527984255849,0.00428377224834961
ub5,1,2,0.05433155633584393,0.006644883370666978
ub5,1,2,0.08469069900482264,0.010245854324633359
ub5,1,2,0.1320137868606126,0.015576033281999904
ub5,1,2,0.2057798568918039,0.022885183034989837
ub5,1,2,0.3207645997392824,0.030956550448181068
ub5,1,2,0.5,0.03412127764778298
ub5,2,4,0.001,1.985702072978931e-08
ub5,2,4,0.0015587755020547783,4.8191126272221816e-08
ub5,2,4,0.0024297810658061286,1.1687792987984587e-07
ub5,2,4,0.003787483200735143,2.831713755758694e-07
ub5,2,4,0.005903836027749967,6.849613094960039e-07
ub5,2,4,0.009202754968205043,1.6526815446534798e-06
ub5,2,4,0.014345028995850929,3.971937109414431e-06
ub5,2,4,0.022360679774997897,9.487175022612039e-06
ub5,2,4,0.03485527984255849,2.244207872640873e-05
ub5,2,4,0.05433155633584393,5.22811797894639e-05
ub5,2,4,0.08469069900482264,0.00011886409077651946
ub5,2,4,0.1320137868606126,0.0002598097915913808
ub5,2,4,0.2057798568918039,0.0005317845010115739
ub5,2,4,0.3207645997392824,0.0009676394820631274
ub5,2,4,0.5,0.0013646949808023509
ub5,3,5,0.001,4.933661869345951e-11
ub5,3,5,0.0015587755020547783,1.8703689224695306e-10
ub5,3,5,0.0024297810658061286,7.094354663637119e-10
ub5,3,5,0.003787483200735143,2.6931077500267665e-09
ub5,3,5,0.005903836027749967,1.0236440439513026e-08
ub5,3,5,0.009202754968205043,3.898611114686488e-08
ub5,3,5,0.014345028995850929,1.4894429358148927e-07
ub5,3,5,0.022360679774997897,5.718137919928709e-07
ub5,3,5,0.03485527984255849,2.2120803948476235e-06
ub5,3,5,0.05433155633584393,8.660498114284898e-06
ub5,3,5,0.08469069900482264,3.4546909261449585e-05
ub5,3,5,0.1320137868606126,0.00014185199896798735
ub5,3,5,0.2057798568918039,0.000607613035256398
ub5,3,5,0.3207645997392824,0.0021813134210057037
ub5,3,5,0.5,0.002671610074303655
ub5,4,5,0.001,1.4346166155140804e-10
ub5,4,5,0.0015587755020547783,5.43819355496918e-10
ub5,4,5,0.0024297810658061286,2.062429236437596e-09
ub5,4,5,0.003787483200735143,7.82751375048202e-09
ub5,4,5,0.005903836027749967,2.9741835354860873e-08
ub5,4,5,0.009202754968205043,1.1321109768861645e-07
ub5,4,5,0.014345028995850929,4.321353394619931e-07
ub5,4,5,0.022360679774997897,1.6566459896536157e-06
ub5,4,5,0.03485527984255849,6.393656124659557e-06
ub5,4,5,0.05433155633584393,2.4931052082456013e-05
ub5,4,5,0.08469069900482264,9.873850141934848e-05
ub5,4,5,0.1320137868606126,0.00039994624335311715
ub5,4,5,0.2057798568918039,0.0016663191808041413
ub5,4,5,0.3207645997392824,0.003905459911728438
ub5,4,5,0.5,0.006561249157067288
ub5,5,5,0.001,3.118657366184629e-10
ub5,5,5,0.0015587755020547783,1.1820825004997317e-09
ub5,5,5,0.0024297810658061286,4.482410582725332e-09
ub5,5,5,0.003787483200735143,1.7008316742939097e-08
ub5,5,5,0.005903836027749967,6.460339376275084e-08
ub5,5,5,0.009202754968205043,2.4577554173687075e-07
ub5,5,5,0.014345028995850929,9.373207539429991e-07
ub5,5,5,0.022360679774997897,3.5882125346719086e-06
ub5,5,5,0.03485527984255849,1.3815492888438388e-05
ub5,5,5,0.05433155633584393,5.3651757347194586e-05
ub5,5,5,0.08469069900482264,0.00021092614150754936
ub5,5,5,0.1320137868606126,0.0008423698957825352
ub5,5,5,0.2057798568918039,0.0034097721636626136
ub5,5,5,0.3207645997392824,0.005819045329147311
ub5,5,5,0.5,0.013382022771767704
weno5l,1,2,0.001,0.00012348898035182884
weno5l,1,2,0.0015587755020547783,0.00019249159734615313
weno5l,1,2,0.0024297810658061286,0.00030005118629457625
weno5l,1,2,0.003787483200735143,0.00046771243855845974
weno5l,1,2,0.005903836027749967,0.0007290586912312276
weno5l,1,2,0.009202754968205043,0.0011364388274513588
weno5l,1,2,0.014345028995850929,0.0017714530038150352
weno5l,1,2,0.022360679774997897,0.0027612975453882266
weno5l,1,2,0.03485527984255849,0.004304242967635164
weno5l,1,2,0.05433155633584393,0.006709348492841252
weno5l,1,2,0.08469069900482264,0.0104583680653891
weno5l,1,2,0.1320137868606126,0.016302247931800566
weno5l,1,2,0.2057798568918039,0.0254115447045139
weno5l,1,2,0.3207645997392824,0.03961089335476614
weno5l,1,2,0.5,0.061744490175913894
weno5l,2,4,0.001,1.990885901684776e-08
weno5l,2,4,0.0015587755020547783,4.838739684533617e-08
weno5l,2,4,0.0024297810658061286,1.1762091168499905e-07
weno5l,2,4,0.003787483200735143,2.859831092522589e-07
weno5l,2,4,0.005903836027749967,6.955971697036525e-07
weno5l,2,4,0.009202754968205043,1.6928850598299144e-06
weno5l,2,4,0.014345028995850929,4.123739686160667e-06
weno5l,2,4,0.022360679774997897,1.0059387862744365e-05
weno5l,2,4,0.03485527984255849,2.4593385583639392e-05
weno5l,2,4,0.05433155633584393,6.0337140277107884e-05
weno5l,2,4,0.08469069900482264,0.00014885105746155583
weno5l,2,4,0.1320137868606126,0.0003704582877390677
weno5l,2,4,0.2057798568918039,0.0009351257195356865
weno5l,2,4,0.3207645997392824,0.002415594838585315
weno5l,2,4,0.5,0.006483166715073911
weno5l,3,5,0.001,4.926406039707148e-11
weno5l,3,5,0.0015587755020547783,1.8660815982377836e-10
weno5l,3,5,0.0024297810658061286,7.069010535907444e-10
weno5l,3,5,0.003787483200735143,2.6781157138657297e-09
weno5l,3,5,0.005903836027749967,1.0147660392205421e-08
weno5l,3,5,0.009202754968205043,3.845948740686899e-08
weno5l,3,5,0.014345028995850929,1.4581236100798018e-07
weno5l,3,5,0.022360679774997897,5.531132441171897e-07
weno5l,3,5,0.03485527984255849,2.0997418450442524e-06
weno5l,3,5,0.05433155633584393,7.979489052732189e-06
weno5l,3,5,0.08469069900482264,3.036326160097273e-05
weno5l,3,5,0.1320137868606126,0.0001156732658590598
weno5l,3,5,0.2057798568918039,0.0004405548288596443
weno5l,3,5,0.3207645997392824,0.001668506739070941
weno5l,3,5,0.5,0.006187367342664743
weno5l,4,5,0.001,1.43250787202976e-10
weno5l,4,5,0.0015587755020547783,5.425737855486772e-10
weno5l,4,5,0.0024297810658061286,2.055070847627404e-09
weno5l,4,5,0.003787483200735143,7.784026933380009e-09
weno5l,4,5,0.005903836027749967,2.9484692371326324e-08
weno5l,4,5,0.009202754968205043,1.1168928450751165e-07
weno5l,4,5,0.014345028995850929,4.2311740099827225e-07
weno5l,4,5,0.022360679774997897,1.6031053843219123e-06
weno5l,4,5,0.03485527984255849,6.0749060526618465e-06
weno5l,4,5,0.05433155633584393,2.3026397668903723e-05
weno5l,4,5,0.08469069900482264,8.730938318317177e-05
weno5l,4,5,0.1320137868606126,0.0003311966744960438
weno5l,4,5,0.2057798568918039,0.0012570136268826664
weno5l,4,5,0.3207645997392824,0.004773549753428998
weno5l,4,5,0.5,0.01811144109433808
weno5l,5,5,0.001,3.114075434320395e-10
weno5l,5,5,0.0015587755020547783,1.179377301373345e-09
weno5l,5,5,0.0024297810658061286,4.46643856853356e-09
weno5l,5,5,0.003787483200735143,1.6914012806480767e-08
weno5l,5,5,0.005903836027749967,6.404657762490825e-08
weno5l,5,5,0.009202754968205043,2.4248777653734217e-07
weno5l,5,5,0.014345028995850929,9.17908671177938e-07
weno5l,5,5,0.022360679774997897,3.4736229370017108e-06
weno5l,5,5,0.03485527984255849,1.3139584620166075e-05
weno5l,5,5,0.05433155633584393,4.967377066138676e-05
weno5l,5,5,0.08469069900482264,0.00018765862359597675
weno5l,5,5,0.1320137868606126,0.0007085762133728348
weno5l,5,5,0.2057798568918039,0.002677525323605881
weno5l,5,5,0.3207645997392824,0.010164642165649303
weno5l,5,5,0.5,0.038872912912450375
