scheme,P,r,lambda,L,effective_rank,tau,universal_formula,node_prediction,largest_singular_value,smallest_singular_value,m_L,m_R
uw1,8,6,1.0,0,8,4.351167857633659e-13,8,8,0.408248290463863,0.40824829046386296,1,0
uw1,8,6,1.0,1,15,6.153480596427404e-13,15,15,0.5773502691896257,1.0301712723145685e-16,1,0
uw1,8,6,1.0,2,22,7.536443801682124e-13,22,22,0.7071067811865478,2.513830318397888e-17,1,0
uw1,8,6,1.0,3,29,8.702335715267318e-13,29,29,0.816496580927726,4.1957522450142836e-17,1,0
uw1,8,6,1.0,4,36,9.729507111180989e-13,36,36,0.9128709291752769,1.9380728550886822e-17,1,0
uw1,8,6,1.0,5,43,1.06581410364015e-12,43,43,0.9999999999999998,9.572217312720397e-18,1,0
uw1,8,6,1.0,6,43,1.343079274132908e-12,43,43,1.080123449734643,4.445599875006762e-17,1,0
uw1,8,6,1.0,7,43,1.6409281590473078e-12,43,43,1.1547005383792515,4.227066176345946e-17,1,0
uw1,8,6,1.0,8,43,1.958025535935147e-12,43,43,1.2247448713915894,5.831914837994053e-17,1,0
uw1,8,6,1.0,9,43,2.293266818639605e-12,43,43,1.2909944487358058,4.585748536960046e-17,1,0
uw1,8,6,0.9,0,8,4.351167857633659e-13,8,8,0.408248290463863,0.40824829046386296,1,0
uw1,8,6,0.9,1,15,6.153480596427406e-13,15,15,0.577350269189626,5.475646526273478e-17,1,0
uw1,8,6,0.9,2,22,7.536443801682119e-13,22,22,0.7071067811865474,1.0111274759667909e-17,1,0
uw1,8,6,0.9,3,29,8.702335715267316e-13,29,29,0.8164965809277259,5.1129421700584417e-17,1,0
uw1,8,6,0.9,4,36,9.729507111180989e-13,36,36,0.912870929175277,2.6102079831135337e-17,1,0
uw1,8,6,0.9,5,43,1.0658141036401503e-12,43,43,1.0,6.467381137140909e-18,1,0
uw1,8,6,0.9,6,43,1.343079274132909e-12,43,43,1.080123449734644,2.0333538864661512e-17,1,0
uw1,8,6,0.9,7,43,1.6409281590473068e-12,43,43,1.1547005383792508,3.804018245608834e-17,1,0
uw1,8,6,0.9,8,43,1.9580255359351465e-12,43,43,1.2247448713915892,6.316318891103202e-17,1,0
uw1,8,6,0.9,9,43,2.2932668186396057e-12,43,43,1.2909944487358063,7.257634699901993e-17,1,0
uw1,8,6,0.5,0,8,4.351167857633659e-13,8,8,0.408248290463863,0.40824829046386296,1,0
uw1,8,6,0.5,1,15,6.153480596427406e-13,15,15,0.577350269189626,4.1712695580681935e-17,1,0
uw1,8,6,0.5,2,22,7.536443801682119e-13,22,22,0.7071067811865474,2.6577610658960315e-17,1,0
uw1,8,6,0.5,3,29,8.702335715267316e-13,29,29,0.8164965809277259,2.771849392364758e-17,1,0
uw1,8,6,0.5,4,36,9.729507111180989e-13,36,36,0.9128709291752769,1.8287448177043743e-17,1,0
uw1,8,6,0.5,5,43,1.0658141036401503e-12,43,43,1.0,1.0026812132397289e-18,1,0
uw1,8,6,0.5,6,43,1.3430792741329083e-12,43,43,1.0801234497346432,3.151077070974347e-17,1,0
uw1,8,6,0.5,7,43,1.6409281590473072e-12,43,43,1.154700538379251,3.968759332824007e-17,1,0
uw1,8,6,0.5,8,43,1.958025535935147e-12,43,43,1.2247448713915894,5.2778215096552525e-17,1,0
uw1,8,6,0.5,9,43,2.2932668186396037e-12,43,43,1.2909944487358052,5.879918876812572e-17,1,0
uw1,8,6,0.1,0,8,4.351167857633659e-13,8,8,0.408248290463863,0.40824829046386296,1,0
uw1,8,6,0.1,1,15,6.153480596427404e-13,15,15,0.5773502691896257,8.181067087232584e-17,1,0
uw1,8,6,0.1,2,22,7.536443801682121e-13,22,22,0.7071067811865476,2.150949252914119e-17,1,0
uw1,8,6,0.1,3,29,8.702335715267318e-13,29,29,0.816496580927726,1.739818185075289e-17,1,0
uw1,8,6,0.1,4,36,9.729507111180987e-13,36,36,0.9128709291752767,1.0250296007258715e-17,1,0
uw1,8,6,0.1,5,43,1.0658141036401505e-12,43,43,1.0000000000000002,7.415353859239567e-18,1,0
uw1,8,6,0.1,6,43,1.3430792741329087e-12,43,43,1.0801234497346435,2.369913108296979e-17,1,0
uw1,8,6,0.1,7,43,1.6409281590473086e-12,43,43,1.1547005383792521,4.388783088549292e-17,1,0
uw1,8,6,0.1,8,43,1.958025535935147e-12,43,43,1.2247448713915894,5.4039633061445246e-17,1,0
uw1,8,6,0.1,9,43,2.2932668186396053e-12,43,43,1.290994448735806,4.615423257590035e-17,1,0
uw1,8,6,0.01,0,8,4.351167857633659e-13,8,8,0.408248290463863,0.40824829046386296,1,0
uw1,8,6,0.01,1,15,6.153480596427404e-13,15,15,0.5773502691896257,8.562108110037394e-17,1,0
uw1,8,6,0.01,2,22,7.536443801682121e-13,22,22,0.7071067811865476,2.0152381585699343e-17,1,0
uw1,8,6,0.01,3,29,8.702335715267318e-13,29,29,0.816496580927726,2.234735484850605e-17,1,0
uw1,8,6,0.01,4,36,9.729507111180989e-13,36,36,0.9128709291752769,1.6025616833328036e-17,1,0
uw1,8,6,0.01,5,41,1.06581410364015e-12,43,43,0.9999999999999998,7.193715729774898e-18,1,0
uw1,8,6,0.01,6,43,1.3430792741329087e-12,43,43,1.0801234497346435,1.8018041088438374e-17,1,0
uw1,8,6,0.01,7,43,1.6409281590473078e-12,43,43,1.1547005383792515,3.873859219144489e-17,1,0
uw1,8,6,0.01,8,43,1.958025535935146e-12,43,43,1.224744871391589,4.473209119432822e-17,1,0
uw1,8,6,0.01,9,43,2.293266818639604e-12,43,43,1.2909944487358054,4.8956134370656104e-17,1,0
uw1,8,6,0.001,0,8,4.351167857633659e-13,8,8,0.408248290463863,0.40824829046386296,1,0
uw1,8,6,0.001,1,15,6.153480596427404e-13,15,15,0.5773502691896257,8.892177962939682e-17,1,0
uw1,8,6,0.001,2,22,7.53644380168212e-13,22,22,0.7071067811865475,1.405760007385366e-17,1,0
uw1,8,6,0.001,3,29,8.702335715267318e-13,29,29,0.816496580927726,1.9686437129925655e-17,1,0
uw1,8,6,0.001,4,29,9.729507111180989e-13,36,36,0.9128709291752769,1.7938722655385652e-17,1,0
uw1,8,6,0.001,5,29,1.0658141036401503e-12,43,43,1.0,2.8667182574911686e-18,1,0
uw1,8,6,0.001,6,29,1.3430792741329083e-12,43,43,1.0801234497346432,1.913156554183324e-17,1,0
uw1,8,6,0.001,7,29,1.6409281590473078e-12,43,43,1.1547005383792515,3.1748231978945406e-17,1,0
uw1,8,6,0.001,8,29,1.9580255359351465e-12,43,43,1.2247448713915892,4.015493232050859e-17,1,0
uw1,8,6,0.001,9,29,2.293266818639604e-12,43,43,1.2909944487358054,4.8611496926281436e-17,1,0
lw,8,6,1.0,0,8,4.351167857633659e-13,8,8,0.408248290463863,0.40824829046386296,1,0
lw,8,6,1.0,1,15,6.153480596427404e-13,15,15,0.5773502691896257,1.0301712723145685e-16,1,0
lw,8,6,1.0,2,22,7.536443801682124e-13,22,22,0.7071067811865478,2.513830318397888e-17,1,0
lw,8,6,1.0,3,29,8.702335715267318e-13,29,29,0.816496580927726,4.1957522450142836e-17,1,0
lw,8,6,1.0,4,36,9.729507111180989e-13,36,36,0.9128709291752769,1.9380728550886822e-17,1,0
lw,8,6,1.0,5,43,1.06581410364015e-12,43,43,0.9999999999999998,9.572217312720397e-18,1,0
lw,8,6,1.0,6,43,1.343079274132908e-12,43,43,1.080123449734643,4.445599875006762e-17,1,0
lw,8,6,1.0,7,43,1.6409281590473078e-12,43,43,1.1547005383792515,4.227066176345946e-17,1,0
lw,8,6,1.0,8,43,1.958025535935147e-12,43,43,1.2247448713915894,5.831914837994053e-17,1,0
lw,8,6,1.0,9,43,2.293266818639605e-12,43,43,1.2909944487358058,4.585748536960046e-17,1,0
lw,8,6,0.9,0,8,4.351167857633659e-13,8,8,0.408248290463863,0.40824829046386296,1,1
lw,8,6,0.9,1,15,6.153480596427404e-13,15,15,0.5773502691896257,7.584275110054296e-17,1,1
lw,8,6,0.9,2,22,7.536443801682119e-13,22,22,0.7071067811865474,3.352187993182035e-17,1,1
lw,8,6,0.9,3,29,8.702335715267313e-13,29,29,0.8164965809277256,5.038776021465239e-17,1,1
lw,8,6,0.9,4,36,9.729507111180987e-13,36,36,0.9128709291752767,4.0619273105291465e-17,1,1
lw,8,6,0.9,5,43,1.0658141036401503e-12,43,43,1.0,4.100176876780328e-18,1,1
lw,8,6,0.9,6,43,1.3430792741329083e-12,43,43,1.0801234497346432,2.045635140361363e-17,1,1
lw,8,6,0.9,7,43,1.6409281590473074e-12,43,43,1.1547005383792512,5.727954419591108e-17,1,1
lw,8,6,0.9,8,43,1.958025535935145e-12,43,43,1.224744871391588,7.591348157606641e-17,1,1
lw,8,6,0.9,9,43,2.293266818639604e-12,43,43,1.2909944487358054,7.382713062782475e-17,1,1
lw,8,6,0.5,0,8,4.351167857633659e-13,8,8,0.408248290463863,0.40824829046386296,1,1
lw,8,6,0.5,1,15,6.153480596427405e-13,15,15,0.5773502691896258,7.658249695004724e-17,1,1
lw,8,6,0.5,2,22,7.53644380168212e-13,22,22,0.7071067811865475,3.198343767836156e-17,1,1
lw,8,6,0.5,3,29,8.702335715267319e-13,29,29,0.8164965809277261,5.593786192043502e-17,1,1
lw,8,6,0.5,4,36,9.729507111180987e-13,36,36,0.9128709291752768,2.6167887768996604e-17,1,1
lw,8,6,0.5,5,43,1.0658141036401499e-12,43,43,0.9999999999999997,3.7762800372801997e-19,1,1
lw,8,6,0.5,6,43,1.3430792741329087e-12,43,43,1.0801234497346435,2.1096057070237396e-17,1,1
lw,8,6,0.5,7,43,1.6409281590473072e-12,43,43,1.154700538379251,4.4078727570693506e-17,1,1
lw,8,6,0.5,8,43,1.958025535935147e-12,43,43,1.2247448713915894,5.456231362270047e-17,1,1
lw,8,6,0.5,9,43,2.293266818639604e-12,43,43,1.2909944487358054,7.902479228608561e-17,1,1
lw,8,6,0.1,0,8,4.351167857633659e-13,8,8,0.408248290463863,0.40824829046386296,1,1
lw,8,6,0.1,1,15,6.153480596427404e-13,15,15,0.5773502691896257,6.623761851130882e-17,1,1
lw,8,6,0.1,2,22,7.536443801682121e-13,22,22,0.7071067811865476,2.302461710107311e-17,1,1
lw,8,6,0.1,3,29,8.702335715267319e-13,29,29,0.8164965809277261,4.141923694653068e-17,1,1
lw,8,6,0.1,4,36,9.729507111180989e-13,36,36,0.9128709291752769,2.2903136786422065e-17,1,1
lw,8,6,0.1,5,43,1.0658141036401503e-12,43,43,1.0,1.3158546027266565e-18,1,1
lw,8,6,0.1,6,43,1.3430792741329089e-12,43,43,1.0801234497346437,2.7094241339498008e-17,1,1
lw,8,6,0.1,7,43,1.640928159047308e-12,43,43,1.1547005383792517,4.4171628900864176e-17,1,1
lw,8,6,0.1,8,43,1.9580255359351473e-12,43,43,1.2247448713915896,5.818755819360876e-17,1,1
lw,8,6,0.1,9,43,2.2932668186396057e-12,43,43,1.2909944487358063,6.073755129748287e-17,1,1
lw,8,6,0.01,0,8,4.351167857633659e-13,8,8,0.408248290463863,0.40824829046386296,1,1
lw,8,6,0.01,1,15,6.153480596427405e-13,15,15,0.5773502691896258,5.344470176901587e-17,1,1
lw,8,6,0.01,2,22,7.53644380168212e-13,22,22,0.7071067811865475,2.40583826686077e-17,1,1
lw,8,6,0.01,3,29,8.702335715267319e-13,29,29,0.8164965809277261,4.706720217518498e-17,1,1
lw,8,6,0.01,4,36,9.729507111180985e-13,36,36,0.9128709291752766,3.19546322405283e-17,1,1
lw,8,6,0.01,5,36,1.0658141036401505e-12,43,43,1.0000000000000002,2.114282658984938e-18,1,1
lw,8,6,0.01,6,36,1.3430792741329089e-12,43,43,1.0801234497346437,2.8789342139553425e-17,1,1
lw,8,6,0.01,7,36,1.6409281590473084e-12,43,43,1.154700538379252,3.897964886325328e-17,1,1
lw,8,6,0.01,8,36,1.9580255359351465e-12,43,43,1.2247448713915892,4.4617761557719165e-17,1,1
lw,8,6,0.01,9,36,2.293266818639605e-12,43,43,1.2909944487358058,5.944722024050855e-17,1,1
lw,8,6,0.001,0,8,4.351167857633659e-13,8,8,0.408248290463863,0.40824829046386296,1,1
lw,8,6,0.001,1,15,6.153480596427404e-13,15,15,0.5773502691896257,4.2396251179616196e-17,1,1
lw,8,6,0.001,2,22,7.536443801682119e-13,22,22,0.7071067811865474,3.3424218650815564e-17,1,1
lw,8,6,0.001,3,29,8.702335715267313e-13,29,29,0.8164965809277256,4.086756035395285e-17,1,1
lw,8,6,0.001,4,29,9.729507111180985e-13,36,36,0.9128709291752765,2.444330139565508e-17,1,1
lw,8,6,0.001,5,29,1.0658141036401499e-12,43,43,0.9999999999999997,2.0866525980262476e-18,1,1
lw,8,6,0.001,6,29,1.3430792741329075e-12,43,43,1.0801234497346426,1.599506940014225e-17,1,1
lw,8,6,0.001,7,29,1.6409281590473066e-12,43,43,1.1547005383792506,2.5744062094180697e-17,1,1
lw,8,6,0.001,8,29,1.958025535935146e-12,43,43,1.2247448713915887,3.353381163664148e-17,1,1
lw,8,6,0.001,9,29,2.2932668186396025e-12,43,43,1.2909944487358045,4.208053190767014e-17,1,1
bw,8,6,1.0,0,8,4.351167857633659e-13,8,8,0.408248290463863,0.40824829046386296,1,0
bw,8,6,1.0,1,15,6.153480596427404e-13,15,15,0.5773502691896257,1.0301712723145685e-16,1,0
bw,8,6,1.0,2,22,7.536443801682124e-13,22,22,0.7071067811865478,2.513830318397888e-17,1,0
bw,8,6,1.0,3,29,8.702335715267318e-13,29,29,0.816496580927726,4.1957522450142836e-17,1,0
bw,8,6,1.0,4,36,9.729507111180989e-13,36,36,0.9128709291752769,1.9380728550886822e-17,1,0
bw,8,6,1.0,5,43,1.06581410364015e-12,43,43,0.9999999999999998,9.572217312720397e-18,1,0
bw,8,6,1.0,6,43,1.343079274132908e-12,43,43,1.080123449734643,4.445599875006762e-17,1,0
bw,8,6,1.0,7,43,1.6409281590473078e-12,43,43,1.1547005383792515,4.227066176345946e-17,1,0
bw,8,6,1.0,8,43,1.958025535935147e-12,43,43,1.2247448713915894,5.831914837994053e-17,1,0
bw,8,6,1.0,9,43,2.293266818639605e-12,43,43,1.2909944487358058,4.585748536960046e-17,1,0
bw,8,6,0.9,0,8,4.351167857633659e-13,8,8,0.408248290463863,0.40824829046386296,2,0
bw,8,6,0.9,1,15,6.153480596427406e-13,15,15,0.577350269189626,1.0341721560096821e-16,2,0
bw,8,6,0.9,2,22,7.536443801682122e-13,22,22,0.7071067811865477,5.30762237524306e-17,2,0
bw,8,6,0.9,3,29,8.702335715267319e-13,29,29,0.8164965809277261,9.316361201043537e-17,2,0
bw,8,6,0.9,4,36,9.729507111180989e-13,36,36,0.9128709291752769,3.6904066514792546e-17,2,0
bw,8,6,0.9,5,43,1.0658141036401505e-12,43,43,1.0000000000000002,6.252469534417413e-18,2,0
bw,8,6,0.9,6,43,1.343079274132908e-12,43,43,1.080123449734643,3.7627052717657067e-17,2,0
bw,8,6,0.9,7,43,1.6409281590473095e-12,43,43,1.1547005383792526,5.0137744002053095e-17,2,0
bw,8,6,0.9,8,43,1.9580255359351473e-12,43,43,1.2247448713915896,7.005477560346575e-17,2,0
bw,8,6,0.9,9,43,2.2932668186396057e-12,43,43,1.2909944487358063,8.179748898860468e-17,2,0
bw,8,6,0.5,0,8,4.351167857633659e-13,8,8,0.408248290463863,0.40824829046386296,2,0
bw,8,6,0.5,1,15,6.153480596427404e-13,15,15,0.5773502691896257,7.716669424335166e-17,2,0
bw,8,6,0.5,2,22,7.536443801682122e-13,22,22,0.7071067811865477,4.946042018337254e-17,2,0
bw,8,6,0.5,3,29,8.702335715267316e-13,29,29,0.8164965809277259,5.2848970606566045e-17,2,0
bw,8,6,0.5,4,36,9.729507111180989e-13,36,36,0.9128709291752769,4.963028872815587e-17,2,0
bw,8,6,0.5,5,43,1.0658141036401499e-12,43,43,0.9999999999999997,3.170261834016834e-18,2,0
bw,8,6,0.5,6,43,1.3430792741329083e-12,43,43,1.0801234497346432,1.993937268964582e-17,2,0
bw,8,6,0.5,7,43,1.6409281590473084e-12,43,43,1.154700538379252,6.012654269645883e-17,2,0
bw,8,6,0.5,8,43,1.9580255359351465e-12,43,43,1.2247448713915892,7.086905349273694e-17,2,0
bw,8,6,0.5,9,43,2.2932668186396045e-12,43,43,1.2909944487358056,7.690127086335925e-17,2,0
bw,8,6,0.1,0,8,4.351167857633659e-13,8,8,0.408248290463863,0.40824829046386296,2,0
bw,8,6,0.1,1,15,6.153480596427404e-13,15,15,0.5773502691896257,7.660730825910532e-17,2,0
bw,8,6,0.1,2,22,7.536443801682118e-13,22,22,0.7071067811865472,2.0315469327527453e-17,2,0
bw,8,6,0.1,3,29,8.702335715267315e-13,29,29,0.8164965809277258,5.111650276583662e-17,2,0
bw,8,6,0.1,4,36,9.729507111180987e-13,36,36,0.9128709291752768,3.310906658327093e-17,2,0
bw,8,6,0.1,5,43,1.0658141036401503e-12,43,43,1.0,7.57642605357868e-18,2,0
bw,8,6,0.1,6,43,1.343079274132908e-12,43,43,1.080123449734643,3.2640094496413706e-17,2,0
bw,8,6,0.1,7,43,1.6409281590473072e-12,43,43,1.154700538379251,4.3515593811093365e-17,2,0
bw,8,6,0.1,8,43,1.958025535935146e-12,43,43,1.224744871391589,3.798601309940103e-17,2,0
bw,8,6,0.1,9,43,2.293266818639605e-12,43,43,1.2909944487358058,6.508250553507089e-17,2,0
bw,8,6,0.01,0,8,4.351167857633659e-13,8,8,0.408248290463863,0.40824829046386296,2,0
bw,8,6,0.01,1,15,6.153480596427405e-13,15,15,0.5773502691896258,1.1755596941038188e-16,2,0
bw,8,6,0.01,2,22,7.536443801682119e-13,22,22,0.7071067811865474,2.0804637211932172e-17,2,0
bw,8,6,0.01,3,29,8.702335715267316e-13,29,29,0.8164965809277259,3.9380362059149916e-17,2,0
bw,8,6,0.01,4,36,9.729507111180989e-13,36,36,0.9128709291752769,3.002975883436158e-17,2,0
bw,8,6,0.01,5,43,1.06581410364015e-12,43,43,0.9999999999999998,5.687113217373775e-18,2,0
bw,8,6,0.01,6,43,1.343079274132908e-12,43,43,1.080123449734643,3.025602606784566e-17,2,0
bw,8,6,0.01,7,43,1.640928159047308e-12,43,43,1.1547005383792517,4.5451136658667965e-17,2,0
bw,8,6,0.01,8,43,1.958025535935146e-12,43,43,1.224744871391589,3.80094307360343e-17,2,0
bw,8,6,0.01,9,43,2.293266818639604e-12,43,43,1.2909944487358054,5.176799254753466e-17,2,0
bw,8,6,0.001,0,8,4.351167857633659e-13,8,8,0.408248290463863,0.40824829046386296,2,0
bw,8,6,0.001,1,15,6.153480596427404e-13,15,15,0.5773502691896257,9.554335623014429e-17,2,0
bw,8,6,0.001,2,22,7.536443801682121e-13,22,22,0.7071067811865476,2.1612767077994935e-17,2,0
bw,8,6,0.001,3,29,8.702335715267318e-13,29,29,0.816496580927726,4.676123898494652e-17,2,0
bw,8,6,0.001,4,29,9.729507111180987e-13,36,36,0.9128709291752768,3.377778556546437e-17,2,0
bw,8,6,0.001,5,34,1.0658141036401499e-12,43,43,0.9999999999999997,5.197567288836514e-18,2,0
bw,8,6,0.001,6,36,1.3430792741329083e-12,43,43,1.0801234497346432,2.139359359799845e-17,2,0
bw,8,6,0.001,7,36,1.6409281590473074e-12,43,43,1.1547005383792512,3.085311521300503e-17,2,0
bw,8,6,0.001,8,36,1.958025535935146e-12,43,43,1.224744871391589,3.82529176870596e-17,2,0
bw,8,6,0.001,9,36,2.293266818639604e-12,43,43,1.2909944487358054,6.063515657455041e-17,2,0
fromm,8,6,1.0,0,8,4.351167857633659e-13,8,8,0.408248290463863,0.40824829046386296,1,0
fromm,8,6,1.0,1,15,6.153480596427404e-13,15,15,0.5773502691896257,1.0301712723145685e-16,1,0
fromm,8,6,1.0,2,22,7.536443801682124e-13,22,22,0.7071067811865478,2.513830318397888e-17,1,0
fromm,8,6,1.0,3,29,8.702335715267318e-13,29,29,0.816496580927726,4.1957522450142836e-17,1,0
fromm,8,6,1.0,4,36,9.729507111180989e-13,36,36,0.9128709291752769,1.9380728550886822e-17,1,0
fromm,8,6,1.0,5,43,1.06581410364015e-12,43,43,0.9999999999999998,9.572217312720397e-18,1,0
fromm,8,6,1.0,6,43,1.343079274132908e-12,43,43,1.080123449734643,4.445599875006762e-17,1,0
fromm,8,6,1.0,7,43,1.6409281590473078e-12,43,43,1.1547005383792515,4.227066176345946e-17,1,0
fromm,8,6,1.0,8,43,1.958025535935147e-12,43,43,1.2247448713915894,5.831914837994053e-17,1,0
fromm,8,6,1.0,9,43,2.293266818639605e-12,43,43,1.2909944487358058,4.585748536960046e-17,1,0
fromm,8,6,0.9,0,8,4.351167857633659e-13,8,8,0.408248290463863,0.40824829046386296,2,1
fromm,8,6,0.9,1,15,6.153480596427404e-13,15,15,0.5773502691896257,8.835293799134703e-17,2,1
fromm,8,6,0.9,2,22,7.53644380168212e-13,22,22,0.7071067811865475,2.8344570891798975e-17,2,1
fromm,8,6,0.9,3,29,8.702335715267319e-13,29,29,0.8164965809277261,6.162607675838355e-17,2,1
fromm,8,6,0.9,4,36,9.72950711118099e-13,36,36,0.9128709291752771,5.303799849589945e-17,2,1
fromm,8,6,0.9,5,43,1.0658141036401507e-12,43,43,1.0000000000000004,5.609260230002668e-20,2,1
fromm,8,6,0.9,6,43,1.3430792741329089e-12,43,43,1.0801234497346437,2.778529012793465e-17,2,1
fromm,8,6,0.9,7,43,1.6409281590473072e-12,43,43,1.154700538379251,5.146329513594111e-17,2,1
fromm,8,6,0.9,8,43,1.9580255359351477e-12,43,43,1.2247448713915898,7.410685512991495e-17,2,1
fromm,8,6,0.9,9,43,2.293266818639605e-12,43,43,1.2909944487358058,7.311460068141683e-17,2,1
fromm,8,6,0.5,0,8,4.351167857633659e-13,8,8,0.408248290463863,0.40824829046386296,2,1
fromm,8,6,0.5,1,15,6.153480596427404e-13,15,15,0.5773502691896257,8.28370350358782e-17,2,1
fromm,8,6,0.5,2,22,7.536443801682121e-13,22,22,0.7071067811865476,4.250042021064863e-17,2,1
fromm,8,6,0.5,3,29,8.702335715267319e-13,29,29,0.8164965809277261,5.878225390560722e-17,2,1
fromm,8,6,0.5,4,36,9.729507111180987e-13,36,36,0.9128709291752767,3.3896623979000445e-17,2,1
fromm,8,6,0.5,5,43,1.06581410364015e-12,43,43,0.9999999999999999,6.021266697709629e-18,2,1
fromm,8,6,0.5,6,43,1.3430792741329087e-12,43,43,1.0801234497346435,2.6029494170621423e-17,2,1
fromm,8,6,0.5,7,43,1.6409281590473074e-12,43,43,1.1547005383792512,4.8134314515150106e-17,2,1
fromm,8,6,0.5,8,43,1.958025535935147e-12,43,43,1.2247448713915894,6.11165925857858e-17,2,1
fromm,8,6,0.5,9,43,2.2932668186396057e-12,43,43,1.2909944487358063,8.172119524345302e-17,2,1
fromm,8,6,0.1,0,8,4.351167857633659e-13,8,8,0.408248290463863,0.40824829046386296,2,1
fromm,8,6,0.1,1,15,6.153480596427405e-13,15,15,0.5773502691896258,7.780531594342282e-17,2,1
fromm,8,6,0.1,2,22,7.536443801682119e-13,22,22,0.7071067811865474,2.3877197715527056e-17,2,1
fromm,8,6,0.1,3,29,8.702335715267321e-13,29,29,0.8164965809277264,6.388177179866363e-17,2,1
fromm,8,6,0.1,4,36,9.72950711118099e-13,36,36,0.9128709291752771,2.8821379789683924e-17,2,1
fromm,8,6,0.1,5,43,1.0658141036401505e-12,43,43,1.0000000000000002,8.261748710315326e-18,2,1
fromm,8,6,0.1,6,43,1.3430792741329089e-12,43,43,1.0801234497346437,2.8930626357603734e-17,2,1
fromm,8,6,0.1,7,43,1.6409281590473084e-12,43,43,1.154700538379252,5.054738163468644e-17,2,1
fromm,8,6,0.1,8,43,1.958025535935147e-12,43,43,1.2247448713915894,5.284890911753814e-17,2,1
fromm,8,6,0.1,9,43,2.2932668186396057e-12,43,43,1.2909944487358063,6.387919726794991e-17,2,1
fromm,8,6,0.01,0,8,4.351167857633659e-13,8,8,0.408248290463863,0.40824829046386296,2,1
fromm,8,6,0.01,1,15,6.153480596427403e-13,15,15,0.5773502691896256,6.301885514297997e-17,2,1
fromm,8,6,0.01,2,22,7.536443801682119e-13,22,22,0.7071067811865474,2.3761644637656307e-17,2,1
fromm,8,6,0.01,3,29,8.702335715267318e-13,29,29,0.816496580927726,4.806250372638393e-17,2,1
fromm,8,6,0.01,4,36,9.729507111180987e-13,36,36,0.9128709291752768,3.32985992978764e-17,2,1
fromm,8,6,0.01,5,43,1.0658141036401503e-12,43,43,1.0,2.0876200059537053e-18,2,1
fromm,8,6,0.01,6,43,1.343079274132908e-12,43,43,1.080123449734643,2.3512543473888354e-17,2,1
fromm,8,6,0.01,7,43,1.640928159047308e-12,43,43,1.1547005383792517,4.4266048394950746e-17,2,1
fromm,8,6,0.01,8,43,1.958025535935146e-12,43,43,1.224744871391589,4.132643288258249e-17,2,1
fromm,8,6,0.01,9,43,2.2932668186396045e-12,43,43,1.2909944487358056,5.9598554885908e-17,2,1
fromm,8,6,0.001,0,8,4.351167857633659e-13,8,8,0.408248290463863,0.40824829046386296,2,1
fromm,8,6,0.001,1,15,6.153480596427405e-13,15,15,0.5773502691896258,8.393835286783037e-17,2,1
fromm,8,6,0.001,2,22,7.536443801682121e-13,22,22,0.7071067811865476,2.4176045312514874e-17,2,1
fromm,8,6,0.001,3,29,8.702335715267316e-13,29,29,0.8164965809277259,4.868310620881125e-17,2,1
fromm,8,6,0.001,4,29,9.729507111180989e-13,36,36,0.9128709291752769,2.107262079528803e-17,2,1
fromm,8,6,0.001,5,29,1.06581410364015e-12,43,43,0.9999999999999998,1.6847224669961863e-18,2,1
fromm,8,6,0.001,6,29,1.3430792741329083e-12,43,43,1.0801234497346432,1.7378848809638713e-17,2,1
fromm,8,6,0.001,7,29,1.6409281590473074e-12,43,43,1.1547005383792512,3.593372441480347e-17,2,1
fromm,8,6,0.001,8,32,1.958025535935146e-12,43,43,1.224744871391589,5.4049089113943384e-17,2,1
fromm,8,6,0.001,9,34,2.293266818639604e-12,43,43,1.2909944487358054,4.191927039333971e-17,2,1
ub3,8,6,1.0,0,8,4.351167857633659e-13,8,8,0.408248290463863,0.40824829046386296,1,0
ub3,8,6,1.0,1,15,6.153480596427404e-13,15,15,0.5773502691896257,1.0301712723145685e-16,1,0
ub3,8,6,1.0,2,22,7.536443801682124e-13,22,22,0.7071067811865478,2.513830318397888e-17,1,0
ub3,8,6,1.0,3,29,8.702335715267318e-13,29,29,0.816496580927726,4.1957522450142836e-17,1,0
ub3,8,6,1.0,4,36,9.729507111180989e-13,36,36,0.9128709291752769,1.9380728550886822e-17,1,0
ub3,8,6,1.0,5,43,1.06581410364015e-12,43,43,0.9999999999999998,9.572217312720397e-18,1,0
ub3,8,6,1.0,6,43,1.343079274132908e-12,43,43,1.080123449734643,4.445599875006762e-17,1,0
ub3,8,6,1.0,7,43,1.6409281590473078e-12,43,43,1.1547005383792515,4.227066176345946e-17,1,0
ub3,8,6,1.0,8,43,1.958025535935147e-12,43,43,1.2247448713915894,5.831914837994053e-17,1,0
ub3,8,6,1.0,9,43,2.293266818639605e-12,43,43,1.2909944487358058,4.585748536960046e-17,1,0
ub3,8,6,0.9,0,8,4.351167857633659e-13,8,8,0.408248290463863,0.40824829046386296,2,1
ub3,8,6,0.9,1,15,6.153480596427403e-13,15,15,0.5773502691896256,8.746800918883677e-17,2,1
ub3,8,6,0.9,2,22,7.53644380168212e-13,22,22,0.7071067811865475,5.5368784181417975e-17,2,1
ub3,8,6,0.9,3,29,8.702335715267318e-13,29,29,0.816496580927726,6.963459674817146e-17,2,1
ub3,8,6,0.9,4,36,9.729507111180989e-13,36,36,0.9128709291752769,3.7353686941073265e-17,2,1
ub3,8,6,0.9,5,43,1.0658141036401505e-12,43,43,1.0000000000000002,1.4765357507987548e-17,2,1
ub3,8,6,0.9,6,43,1.3430792741329089e-12,43,43,1.0801234497346437,3.387551859245085e-17,2,1
ub3,8,6,0.9,7,43,1.6409281590473084e-12,43,43,1.154700538379252,5.741343672572759e-17,2,1
ub3,8,6,0.9,8,43,1.958025535935146e-12,43,43,1.224744871391589,6.521661738487509e-17,2,1
ub3,8,6,0.9,9,43,2.2932668186396053e-12,43,43,1.290994448735806,9.160363331558092e-17,2,1
ub3,8,6,0.5,0,8,4.351167857633659e-13,8,8,0.408248290463863,0.40824829046386296,2,1
ub3,8,6,0.5,1,15,6.153480596427404e-13,15,15,0.5773502691896257,8.28370350358782e-17,2,1
ub3,8,6,0.5,2,22,7.536443801682121e-13,22,22,0.7071067811865476,4.250042021064863e-17,2,1
ub3,8,6,0.5,3,29,8.702335715267319e-13,29,29,0.8164965809277261,5.878225390560722e-17,2,1
ub3,8,6,0.5,4,36,9.729507111180987e-13,36,36,0.9128709291752767,3.3896623979000445e-17,2,1
ub3,8,6,0.5,5,43,1.06581410364015e-12,43,43,0.9999999999999999,6.021266697709629e-18,2,1
ub3,8,6,0.5,6,43,1.3430792741329087e-12,43,43,1.0801234497346435,2.6029494170621423e-17,2,1
ub3,8,6,0.5,7,43,1.6409281590473074e-12,43,43,1.1547005383792512,4.8134314515150106e-17,2,1
ub3,8,6,0.5,8,43,1.958025535935147e-12,43,43,1.2247448713915894,6.11165925857858e-17,2,1
ub3,8,6,0.5,9,43,2.2932668186396057e-12,43,43,1.2909944487358063,8.172119524345302e-17,2,1
ub3,8,6,0.1,0,8,4.351167857633659e-13,8,8,0.408248290463863,0.40824829046386296,2,1
ub3,8,6,0.1,1,15,6.153480596427404e-13,15,15,0.5773502691896257,6.017189405114247e-17,2,1
ub3,8,6,0.1,2,22,7.536443801682121e-13,22,22,0.7071067811865476,3.988009178939719e-17,2,1
ub3,8,6,0.1,3,29,8.702335715267318e-13,29,29,0.816496580927726,4.6225874970429245e-17,2,1
ub3,8,6,0.1,4,36,9.729507111180993e-13,36,36,0.9128709291752773,2.210476218241865e-17,2,1
ub3,8,6,0.1,5,43,1.0658141036401505e-12,43,43,1.0000000000000002,6.313897747262583e-18,2,1
ub3,8,6,0.1,6,43,1.3430792741329087e-12,43,43,1.0801234497346435,1.5992674574311403e-17,2,1
ub3,8,6,0.1,7,43,1.6409281590473084e-12,43,43,1.154700538379252,4.807028161426023e-17,2,1
ub3,8,6,0.1,8,43,1.9580255359351465e-12,43,43,1.2247448713915892,5.68756291875275e-17,2,1
ub3,8,6,0.1,9,43,2.2932668186396045e-12,43,43,1.2909944487358056,6.093830442270045e-17,2,1
ub3,8,6,0.01,0,8,4.351167857633659e-13,8,8,0.408248290463863,0.40824829046386296,2,1
ub3,8,6,0.01,1,15,6.153480596427404e-13,15,15,0.5773502691896257,6.51995209265601e-17,2,1
ub3,8,6,0.01,2,22,7.53644380168212e-13,22,22,0.7071067811865475,1.3579076507696117e-17,2,1
ub3,8,6,0.01,3,29,8.702335715267318e-13,29,29,0.816496580927726,4.127934265740758e-17,2,1
ub3,8,6,0.01,4,36,9.729507111180987e-13,36,36,0.9128709291752768,2.152025939178673e-17,2,1
ub3,8,6,0.01,5,41,1.06581410364015e-12,43,43,0.9999999999999998,2.9164510141247524e-18,2,1
ub3,8,6,0.01,6,43,1.343079274132908e-12,43,43,1.080123449734643,2.9519024107794994e-17,2,1
ub3,8,6,0.01,7,43,1.6409281590473074e-12,43,43,1.1547005383792512,2.7470658251034943e-17,2,1
ub3,8,6,0.01,8,43,1.9580255359351457e-12,43,43,1.2247448713915885,5.4569173180364526e-17,2,1
ub3,8,6,0.01,9,43,2.293266818639604e-12,43,43,1.2909944487358054,5.768813068885264e-17,2,1
ub3,8,6,0.001,0,8,4.351167857633659e-13,8,8,0.408248290463863,0.40824829046386296,2,1
ub3,8,6,0.001,1,15,6.153480596427404e-13,15,15,0.5773502691896257,6.011713494646587e-17,2,1
ub3,8,6,0.001,2,22,7.53644380168212e-13,22,22,0.7071067811865475,1.893734094053106e-17,2,1
ub3,8,6,0.001,3,29,8.702335715267316e-13,29,29,0.8164965809277259,2.778462396553943e-17,2,1
ub3,8,6,0.001,4,29,9.729507111180989e-13,36,36,0.9128709291752769,3.1932471321909455e-17,2,1
ub3,8,6,0.001,5,29,1.06581410364015e-12,43,43,0.9999999999999999,3.9632568562264374e-18,2,1
ub3,8,6,0.001,6,29,1.343079274132908e-12,43,43,1.080123449734643,2.0617672290522698e-17,2,1
ub3,8,6,0.001,7,29,1.6409281590473074e-12,43,43,1.1547005383792512,3.124150747446977e-17,2,1
ub3,8,6,0.001,8,29,1.958025535935146e-12,43,43,1.224744871391589,5.667617801606588e-17,2,1
ub3,8,6,0.001,9,29,2.293266818639604e-12,43,43,1.2909944487358054,5.289462647867832e-17,2,1
ub5,8,6,1.0,0,8,4.351167857633659e-13,8,8,0.408248290463863,0.40824829046386296,1,0
ub5,8,6,1.0,1,15,6.153480596427404e-13,15,15,0.5773502691896257,1.0301712723145685e-16,1,0
ub5,8,6,1.0,2,22,7.536443801682124e-13,22,22,0.7071067811865478,2.513830318397888e-17,1,0
ub5,8,6,1.0,3,29,8.702335715267318e-13,29,29,0.816496580927726,4.1957522450142836e-17,1,0
ub5,8,6,1.0,4,36,9.729507111180989e-13,36,36,0.9128709291752769,1.9380728550886822e-17,1,0
ub5,8,6,1.0,5,43,1.06581410364015e-12,43,43,0.9999999999999998,9.572217312720397e-18,1,0
ub5,8,6,1.0,6,43,1.343079274132908e-12,43,43,1.080123449734643,4.445599875006762e-17,1,0
ub5,8,6,1.0,7,43,1.6409281590473078e-12,43,43,1.1547005383792515,4.227066176345946e-17,1,0
ub5,8,6,1.0,8,43,1.958025535935147e-12,43,43,1.2247448713915894,5.831914837994053e-17,1,0
ub5,8,6,1.0,9,43,2.293266818639605e-12,43,43,1.2909944487358058,4.585748536960046e-17,1,0
ub5,8,6,0.9,0,8,4.351167857633659e-13,8,8,0.408248290463863,0.40824829046386296,3,2
ub5,8,6,0.9,1,15,6.153480596427405e-13,15,15,0.5773502691896258,8.010436241123738e-17,3,2
ub5,8,6,0.9,2,22,7.536443801682121e-13,22,22,0.7071067811865476,5.726817943001674e-17,3,2
ub5,8,6,0.9,3,29,8.702335715267316e-13,29,29,0.8164965809277259,6.610407086456643e-17,3,2
ub5,8,6,0.9,4,36,9.729507111180993e-13,36,36,0.9128709291752773,4.584050788407083e-17,3,2
ub5,8,6,0.9,5,43,1.0658141036401507e-12,43,43,1.0000000000000004,8.70771111883815e-18,3,2
ub5,8,6,0.9,6,43,1.3430792741329095e-12,43,43,1.0801234497346441,3.8845293010872395e-17,3,2
ub5,8,6,0.9,7,43,1.6409281590473097e-12,43,43,1.1547005383792528,7.238936573647309e-17,3,2
ub5,8,6,0.9,8,43,1.9580255359351477e-12,43,43,1.2247448713915898,5.078406082600659e-17,3,2
ub5,8,6,0.9,9,43,2.2932668186396057e-12,43,43,1.2909944487358063,7.652705973890142e-17,3,2
ub5,8,6,0.5,0,8,4.351167857633659e-13,8,8,0.408248290463863,0.40824829046386296,3,2
ub5,8,6,0.5,1,15,6.153480596427405e-13,15,15,0.5773502691896258,5.323110350735308e-17,3,2
ub5,8,6,0.5,2,22,7.53644380168212e-13,22,22,0.7071067811865475,3.2833807627562494e-17,3,2
ub5,8,6,0.5,3,29,8.702335715267315e-13,29,29,0.8164965809277258,5.376613097611114e-17,3,2
ub5,8,6,0.5,4,36,9.729507111180987e-13,36,36,0.9128709291752768,3.6689365431997545e-17,3,2
ub5,8,6,0.5,5,43,1.0658141036401497e-12,43,43,0.9999999999999994,5.959699888072979e-18,3,2
ub5,8,6,0.5,6,43,1.3430792741329083e-12,43,43,1.0801234497346432,1.844509662524611e-17,3,2
ub5,8,6,0.5,7,43,1.6409281590473072e-12,43,43,1.154700538379251,4.932932872340219e-17,3,2
ub5,8,6,0.5,8,43,1.9580255359351465e-12,43,43,1.2247448713915892,5.554330865466556e-17,3,2
ub5,8,6,0.5,9,43,2.2932668186396045e-12,43,43,1.2909944487358056,8.306564958319897e-17,3,2
ub5,8,6,0.1,0,8,4.351167857633659e-13,8,8,0.408248290463863,0.40824829046386296,3,2
ub5,8,6,0.1,1,15,6.153480596427405e-13,15,15,0.5773502691896258,9.230360889325499e-17,3,2
ub5,8,6,0.1,2,22,7.536443801682122e-13,22,22,0.7071067811865477,4.100089386618638e-17,3,2
ub5,8,6,0.1,3,29,8.702335715267318e-13,29,29,0.816496580927726,5.2393424262104174e-17,3,2
ub5,8,6,0.1,4,36,9.729507111180993e-13,36,36,0.9128709291752772,3.145046434433475e-17,3,2
ub5,8,6,0.1,5,43,1.0658141036401507e-12,43,43,1.0000000000000004,6.5621822794371615e-18,3,2
ub5,8,6,0.1,6,43,1.3430792741329089e-12,43,43,1.0801234497346437,2.6082320177378402e-17,3,2
ub5,8,6,0.1,7,43,1.6409281590473086e-12,43,43,1.1547005383792521,4.516068099693211e-17,3,2
ub5,8,6,0.1,8,43,1.9580255359351473e-12,43,43,1.2247448713915896,4.642984874986208e-17,3,2
ub5,8,6,0.1,9,43,2.293266818639606e-12,43,43,1.2909944487358065,7.614684268726842e-17,3,2
ub5,8,6,0.01,0,8,4.351167857633659e-13,8,8,0.408248290463863,0.40824829046386296,3,2
ub5,8,6,0.01,1,15,6.153480596427405e-13,15,15,0.5773502691896258,9.685252861072901e-17,3,2
ub5,8,6,0.01,2,22,7.536443801682124e-13,22,22,0.7071067811865478,1.668460536275186e-17,3,2
ub5,8,6,0.01,3,29,8.70233571526732e-13,29,29,0.8164965809277263,5.0588706427458776e-17,3,2
ub5,8,6,0.01,4,36,9.729507111180993e-13,36,36,0.9128709291752772,2.788081411248847e-17,3,2
ub5,8,6,0.01,5,41,1.0658141036401507e-12,43,43,1.0000000000000004,4.323078570803898e-18,3,2
ub5,8,6,0.01,6,43,1.3430792741329089e-12,43,43,1.0801234497346437,2.818990823133139e-17,3,2
ub5,8,6,0.01,7,43,1.6409281590473084e-12,43,43,1.154700538379252,3.964001034875118e-17,3,2
ub5,8,6,0.01,8,43,1.958025535935148e-12,43,43,1.22474487139159,3.857238938990757e-17,3,2
ub5,8,6,0.01,9,43,2.2932668186396057e-12,43,43,1.2909944487358063,6.252593638065729e-17,3,2
ub5,8,6,0.001,0,8,4.351167857633659e-13,8,8,0.408248290463863,0.40824829046386296,3,2
ub5,8,6,0.001,1,15,6.153480596427403e-13,15,15,0.5773502691896256,7.201666700707089e-17,3,2
ub5,8,6,0.001,2,22,7.536443801682119e-13,22,22,0.7071067811865474,2.8953493407566914e-17,3,2
ub5,8,6,0.001,3,29,8.702335715267315e-13,29,29,0.8164965809277258,3.433416512664859e-17,3,2
ub5,8,6,0.001,4,29,9.729507111180987e-13,36,36,0.9128709291752768,2.800037566459557e-17,3,2
ub5,8,6,0.001,5,29,1.0658141036401499e-12,43,43,0.9999999999999997,2.3878719421634974e-19,3,2
ub5,8,6,0.001,6,29,1.3430792741329079e-12,43,43,1.0801234497346428,2.1857888666049632e-17,3,2
ub5,8,6,0.001,7,29,1.6409281590473072e-12,43,43,1.154700538379251,3.331470664569278e-17,3,2
ub5,8,6,0.001,8,29,1.9580255359351457e-12,43,43,1.2247448713915885,4.069712650908405e-17,3,2
ub5,8,6,0.001,9,29,2.293266818639603e-12,43,43,1.2909944487358047,5.3582344905563313e-17,3,2
weno5l,8,6,1.0,0,8,4.351167857633659e-13,8,8,0.408248290463863,0.40824829046386296,3,2
weno5l,8,6,1.0,1,15,6.426847140037293e-13,15,15,0.6029988830216477,9.447811207712155e-17,3,2
weno5l,8,6,1.0,2,22,8.265076499309441e-13,22,22,0.7754707383849717,8.726300528769044e-17,3,2
weno5l,8,6,1.0,3,29,1.0694932423321845e-12,29,29,1.0034519515921854,9.654602484281514e-17,3,2
weno5l,8,6,1.0,4,36,1.5406057254029422e-12,36,36,1.4454732022603214,5.736073765273634e-17,3,2
weno5l,8,6,1.0,5,43,2.4148127352403835e-12,43,43,2.2656978613746084,4.399069135361486e-17,3,2
weno5l,8,6,1.0,6,43,4.6199492976980354e-12,43,43,3.7154289170684747,8.249546919113009e-17,3,2
weno5l,8,6,1.0,7,43,8.848992210177194e-12,43,43,6.226924690681005,1.6546487652960198e-16,3,2
weno5l,8,6,1.0,8,43,1.6841417007856863e-11,43,43,10.534305466802126,4.1475227675422975e-16,3,2
weno5l,8,6,1.0,9,43,3.178302064570173e-11,43,43,17.892249992086384,6.389408101947688e-16,3,2
weno5l,8,6,0.9,0,8,4.351167857633659e-13,8,8,0.408248290463863,0.40824829046386296,3,2
weno5l,8,6,0.9,1,15,6.350273643234827e-13,15,15,0.5958143752786051,6.822904610748504e-17,3,2
weno5l,8,6,0.9,2,22,8.000815883928251e-13,22,22,0.750676488198317,4.031430797032481e-17,3,2
weno5l,8,6,0.9,3,29,9.776767774209095e-13,29,29,0.9173051605169991,8.586099751498901e-17,3,2
weno5l,8,6,0.9,4,36,1.2723779748261745e-12,36,36,1.193808536104497,6.899533935834421e-17,3,2
weno5l,8,6,0.9,5,43,1.8095835265879518e-12,43,43,1.6978416033411017,9.212103209939897e-18,3,2
weno5l,8,6,0.9,6,43,3.164606479842024e-12,43,43,2.545021529176928,7.010131826365954e-17,3,2
weno5l,8,6,0.9,7,43,5.584659444073229e-12,43,43,3.929854717393643,1.4684621446918888e-16,3,2
weno5l,8,6,0.9,8,43,9.842756489146868e-12,43,43,6.156643674558384,2.292103941453738e-16,3,2
weno5l,8,6,0.9,9,43,1.724842575682232e-11,43,43,9.710000476394084,3.3487471498530095e-16,3,2
weno5l,8,6,0.5,0,8,4.351167857633659e-13,8,8,0.408248290463863,0.40824829046386296,3,2
weno5l,8,6,0.5,1,15,6.164382778486593e-13,15,15,0.5783731663366942,5.46970852505173e-17,3,2
weno5l,8,6,0.5,2,22,7.541882831659273e-13,22,22,0.7076170981319301,8.103826223834611e-17,3,2
weno5l,8,6,0.5,3,29,8.702335715267316e-13,29,29,0.8164965809277259,5.009120950952447e-17,3,2
weno5l,8,6,0.5,4,36,9.729507111180989e-13,36,36,0.912870929175277,4.9076146701149877e-17,3,2
weno5l,8,6,0.5,5,43,1.06581410364015e-12,43,43,0.9999999999999998,3.82628028757648e-17,3,2
weno5l,8,6,0.5,6,43,1.343079274132909e-12,43,43,1.080123449734644,5.87508020133758e-17,3,2
weno5l,8,6,0.5,7,43,1.640928159047309e-12,43,43,1.1547005383792524,5.665386341827364e-17,3,2
weno5l,8,6,0.5,8,43,1.958025535935146e-12,43,43,1.224744871391589,8.32468187596385e-17,3,2
weno5l,8,6,0.5,9,43,2.293266818639605e-12,43,43,1.2909944487358058,1.1043280021032759e-16,3,2
weno5l,8,6,0.1,0,8,4.351167857633659e-13,8,8,0.408248290463863,0.40824829046386296,3,2
weno5l,8,6,0.1,1,15,6.153480596427404e-13,15,15,0.5773502691896257,8.541627023088709e-17,3,2
weno5l,8,6,0.1,2,22,7.536443801682118e-13,22,22,0.7071067811865472,4.21718911188196e-17,3,2
weno5l,8,6,0.1,3,29,8.702335715267315e-13,29,29,0.8164965809277258,5.126517200629515e-17,3,2
weno5l,8,6,0.1,4,36,9.729507111180987e-13,36,36,0.9128709291752768,3.070835169991877e-17,3,2
weno5l,8,6,0.1,5,43,1.0658141036401499e-12,43,43,0.9999999999999997,3.5310623374185626e-18,3,2
weno5l,8,6,0.1,6,43,1.3430792741329083e-12,43,43,1.0801234497346432,1.761289512512006e-17,3,2
weno5l,8,6,0.1,7,43,1.6409281590473072e-12,43,43,1.154700538379251,4.1846051917085415e-17,3,2
weno5l,8,6,0.1,8,43,1.958025535935146e-12,43,43,1.224744871391589,5.776002164600214e-17,3,2
weno5l,8,6,0.1,9,43,2.2932668186396033e-12,43,43,1.290994448735805,6.382714390909669e-17,3,2
weno5l,8,6,0.01,0,8,4.351167857633659e-13,8,8,0.408248290463863,0.40824829046386296,3,2
weno5l,8,6,0.01,1,15,6.153480596427404e-13,15,15,0.5773502691896257,1.8891716723701122e-17,3,2
weno5l,8,6,0.01,2,22,7.536443801682118e-13,22,22,0.7071067811865472,1.6148970426407144e-17,3,2
weno5l,8,6,0.01,3,29,8.702335715267315e-13,29,29,0.8164965809277258,3.0609164376246464e-17,3,2
weno5l,8,6,0.01,4,36,9.729507111180987e-13,36,36,0.9128709291752767,1.8865294920929543e-17,3,2
weno5l,8,6,0.01,5,41,1.06581410364015e-12,43,43,0.9999999999999998,6.106040755830818e-18,3,2
weno5l,8,6,0.01,6,43,1.3430792741329083e-12,43,43,1.0801234497346432,3.0677952475637435e-17,3,2
weno5l,8,6,0.01,7,43,1.6409281590473074e-12,43,43,1.1547005383792512,4.1529097682208074e-17,3,2
weno5l,8,6,0.01,8,43,1.9580255359351457e-12,43,43,1.2247448713915885,5.456579421718538e-17,3,2
weno5l,8,6,0.01,9,43,2.2932668186396045e-12,43,43,1.2909944487358056,6.058209779211519e-17,3,2
weno5l,8,6,0.001,0,8,4.351167857633659e-13,8,8,0.408248290463863,0.40824829046386296,3,2
weno5l,8,6,0.001,1,15,6.153480596427405e-13,15,15,0.5773502691896258,6.284410755126004e-17,3,2
weno5l,8,6,0.001,2,22,7.53644380168212e-13,22,22,0.7071067811865475,2.5479357787389098e-17,3,2
weno5l,8,6,0.001,3,29,8.702335715267316e-13,29,29,0.8164965809277259,3.844053792481506e-17,3,2
weno5l,8,6,0.001,4,29,9.729507111180987e-13,36,36,0.9128709291752767,2.9794679728306173e-17,3,2
weno5l,8,6,0.001,5,29,1.0658141036401503e-12,43,43,1.0,8.461246406782677e-18,3,2
weno5l,8,6,0.001,6,29,1.3430792741329083e-12,43,43,1.0801234497346432,1.664779830787601e-17,3,2
weno5l,8,6,0.001,7,29,1.6409281590473072e-12,43,43,1.154700538379251,3.014715690648926e-17,3,2
weno5l,8,6,0.001,8,29,1.9580255359351457e-12,43,43,1.2247448713915885,4.545572107503859e-17,3,2
weno5l,8,6,0.001,9,29,2.2932668186396037e-12,43,43,1.2909944487358052,5.453077584611712e-17,3,2
uw1,8,8,1.0,0,8,5.02429586778808e-13,8,8,0.3535533905932738,0.3535533905932738,1,0
uw1,8,8,1.0,1,15,7.105427357601001e-13,15,15,0.49999999999999994,5.697018526717083e-17,1,0
uw1,8,8,1.0,2,22,8.702335715267315e-13,22,22,0.6123724356957944,2.3852444727638912e-17,1,0
uw1,8,8,1.0,3,29,1.004859173557616e-12,29,29,0.7071067811865476,1.9537597216849194e-17,1,0
uw1,8,8,1.0,4,36,1.1234667099445442e-12,36,36,0.7905694150420948,2.3893347924550724e-17,1,0
uw1,8,8,1.0,5,43,1.230696119285481e-12,43,43,0.8660254037844387,2.6911361141238102e-17,1,0
uw1,8,8,1.0,6,50,1.329303737937672e-12,50,50,0.9354143466934854,1.7538789194915295e-17,1,0
uw1,8,8,1.0,7,57,1.4210854715202008e-12,57,57,1.0000000000000002,1.0084621343458617e-18,1,0
uw1,8,8,1.0,8,57,1.6956998553784772e-12,57,57,1.0606601717798214,1.2426121739268552e-17,1,0
uw1,8,8,1.0,9,57,1.9860273225978185e-12,57,57,1.118033988749895,2.7406535299041382e-17,1,0
uw1,8,8,1.0,10,57,2.291259331513095e-12,57,57,1.1726039399558577,4.075670219366031e-17,1,0
uw1,8,8,1.0,11,57,2.6107007145801942e-12,57,57,1.2247448713915885,3.7412382553073055e-17,1,0
uw1,8,8,0.9,0,8,5.02429586778808e-13,8,8,0.3535533905932738,0.3535533905932738,1,0
uw1,8,8,0.9,1,15,7.105427357601001e-13,15,15,0.49999999999999994,7.378717870004548e-17,1,0
uw1,8,8,0.9,2,22,8.702335715267318e-13,22,22,0.6123724356957946,3.102298513948283e-17,1,0
uw1,8,8,0.9,3,29,1.004859173557616e-12,29,29,0.7071067811865476,1.0375970265850943e-17,1,0
uw1,8,8,0.9,4,36,1.1234667099445446e-12,36,36,0.7905694150420951,3.112821212697671e-17,1,0
uw1,8,8,0.9,5,43,1.230696119285481e-12,43,43,0.8660254037844388,3.2681549901736195e-17,1,0
uw1,8,8,0.9,6,50,1.3293037379376718e-12,50,50,0.9354143466934853,1.7247231544533615e-17,1,0
uw1,8,8,0.9,7,57,1.4210854715202004e-12,57,57,1.0,2.7723211039739986e-18,1,0
uw1,8,8,0.9,8,57,1.6956998553784772e-12,57,57,1.0606601717798214,1.530408939025395e-17,1,0
uw1,8,8,0.9,9,57,1.9860273225978193e-12,57,57,1.1180339887498953,2.2351508208668115e-17,1,0
uw1,8,8,0.9,10,57,2.291259331513096e-12,57,57,1.1726039399558579,4.391939900496985e-17,1,0
uw1,8,8,0.9,11,57,2.6107007145801954e-12,57,57,1.2247448713915892,5.355442634852117e-17,1,0
uw1,8,8,0.5,0,8,5.02429586778808e-13,8,8,0.3535533905932738,0.3535533905932738,1,0
uw1,8,8,0.5,1,15,7.105427357601001e-13,15,15,0.49999999999999994,1.061715670379526e-16,1,0
uw1,8,8,0.5,2,22,8.702335715267318e-13,22,22,0.6123724356957946,1.3158417474503713e-17,1,0
uw1,8,8,0.5,3,29,1.004859173557616e-12,29,29,0.7071067811865476,1.492175434820911e-17,1,0
uw1,8,8,0.5,4,36,1.1234667099445444e-12,36,36,0.7905694150420949,2.2267486961834575e-17,1,0
uw1,8,8,0.5,5,43,1.2306961192854813e-12,43,43,0.8660254037844389,9.422014370886889e-18,1,0
uw1,8,8,0.5,6,50,1.3293037379376722e-12,50,50,0.9354143466934857,1.0955098983769634e-17,1,0
uw1,8,8,0.5,7,57,1.421085471520201e-12,57,57,1.0000000000000004,1.3501058505694732e-18,1,0
uw1,8,8,0.5,8,57,1.6956998553784768e-12,57,57,1.0606601717798212,2.483635282471793e-17,1,0
uw1,8,8,0.5,9,57,1.986027322597819e-12,57,57,1.1180339887498951,2.2267867435355528e-17,1,0
uw1,8,8,0.5,10,57,2.2912593315130934e-12,57,57,1.1726039399558568,3.577372452523331e-17,1,0
uw1,8,8,0.5,11,57,2.610700714580196e-12,57,57,1.2247448713915894,3.8857246488716e-17,1,0
uw1,8,8,0.1,0,8,5.02429586778808e-13,8,8,0.3535533905932738,0.3535533905932738,1,0
uw1,8,8,0.1,1,15,7.105427357601001e-13,15,15,0.49999999999999994,5.4593658388038616e-17,1,0
uw1,8,8,0.1,2,22,8.702335715267318e-13,22,22,0.6123724356957946,1.0988040307002626e-17,1,0
uw1,8,8,0.1,3,29,1.0048591735576163e-12,29,29,0.7071067811865477,1.1785834855375237e-17,1,0
uw1,8,8,0.1,4,36,1.1234667099445446e-12,36,36,0.7905694150420951,1.7706381370339798e-17,1,0
uw1,8,8,0.1,5,43,1.230696119285481e-12,43,43,0.8660254037844388,1.408016065612873e-17,1,0
uw1,8,8,0.1,6,50,1.3293037379376716e-12,50,50,0.9354143466934852,1.004859637753517e-17,1,0
uw1,8,8,0.1,7,57,1.4210854715202008e-12,57,57,1.0000000000000002,5.7743411971877396e-18,1,0
uw1,8,8,0.1,8,57,1.6956998553784772e-12,57,57,1.0606601717798214,1.4312900482217375e-17,1,0
uw1,8,8,0.1,9,57,1.986027322597819e-12,57,57,1.1180339887498951,2.8970673647197417e-17,1,0
uw1,8,8,0.1,10,57,2.291259331513095e-12,57,57,1.1726039399558577,2.7030982490318724e-17,1,0
uw1,8,8,0.1,11,57,2.6107007145801962e-12,57,57,1.2247448713915896,3.177520559977659e-17,1,0
uw1,8,8,0.01,0,8,5.02429586778808e-13,8,8,0.3535533905932738,0.3535533905932738,1,0
uw1,8,8,0.01,1,15,7.105427357601002e-13,15,15,0.5,5.712888615118747e-17,1,0
uw1,8,8,0.01,2,22,8.702335715267315e-13,22,22,0.6123724356957944,8.303922420848465e-18,1,0
uw1,8,8,0.01,3,29,1.0048591735576155e-12,29,29,0.7071067811865471,4.432231094824933e-18,1,0
uw1,8,8,0.01,4,36,1.123466709944544e-12,36,36,0.7905694150420947,2.73485225110315e-17,1,0
uw1,8,8,0.01,5,39,1.2306961192854809e-12,43,43,0.8660254037844386,1.668658152677117e-17,1,0
uw1,8,8,0.01,6,43,1.3293037379376716e-12,50,50,0.9354143466934852,6.33058589754393e-18,1,0
uw1,8,8,0.01,7,43,1.4210854715202e-12,57,57,0.9999999999999998,1.4232275774907633e-18,1,0
uw1,8,8,0.01,8,43,1.6956998553784768e-12,57,57,1.0606601717798212,1.2851430909939811e-17,1,0
uw1,8,8,0.01,9,43,1.986027322597818e-12,57,57,1.1180339887498947,2.2844699852100228e-17,1,0
uw1,8,8,0.01,10,43,2.2912593315130946e-12,57,57,1.1726039399558574,2.587166468637117e-17,1,0
uw1,8,8,0.01,11,43,2.610700714580195e-12,57,57,1.224744871391589,3.657468118832576e-17,1,0
uw1,8,8,0.001,0,8,5.02429586778808e-13,8,8,0.3535533905932738,0.3535533905932738,1,0
uw1,8,8,0.001,1,15,7.105427357601002e-13,15,15,0.5,6.286280075812299e-17,1,0
uw1,8,8,0.001,2,22,8.702335715267315e-13,22,22,0.6123724356957944,2.375118900423299e-17,1,0
uw1,8,8,0.001,3,29,1.004859173557616e-12,29,29,0.7071067811865476,1.0933686984039238e-17,1,0
uw1,8,8,0.001,4,29,1.1234667099445444e-12,36,36,0.7905694150420949,1.4896197304255087e-17,1,0
uw1,8,8,0.001,5,29,1.2306961192854809e-12,43,43,0.8660254037844386,4.20252432874941e-18,1,0
uw1,8,8,0.001,6,29,1.3293037379376716e-12,50,50,0.9354143466934852,1.781714003540334e-26,1,0
uw1,8,8,0.001,7,29,1.4210854715202004e-12,57,57,1.0,1.8989343020549788e-44,1,0
uw1,8,8,0.001,8,29,1.6956998553784768e-12,57,57,1.0606601717798212,1.997466518530917e-33,1,0
uw1,8,8,0.001,9,29,1.9860273225978185e-12,57,57,1.118033988749895,1.9420448921396307e-33,1,0
uw1,8,8,0.001,10,29,2.2912593315130942e-12,57,57,1.1726039399558572,1.6730960724242984e-33,1,0
uw1,8,8,0.001,11,32,2.610700714580195e-12,57,57,1.224744871391589,1.506836831772113e-33,1,0
lw,8,8,1.0,0,8,5.02429586778808e-13,8,8,0.3535533905932738,0.3535533905932738,1,0
lw,8,8,1.0,1,15,7.105427357601001e-13,15,15,0.49999999999999994,5.697018526717083e-17,1,0
lw,8,8,1.0,2,22,8.702335715267315e-13,22,22,0.6123724356957944,2.3852444727638912e-17,1,0
lw,8,8,1.0,3,29,1.004859173557616e-12,29,29,0.7071067811865476,1.9537597216849194e-17,1,0
lw,8,8,1.0,4,36,1.1234667099445442e-12,36,36,0.7905694150420948,2.3893347924550724e-17,1,0
lw,8,8,1.0,5,43,1.230696119285481e-12,43,43,0.8660254037844387,2.6911361141238102e-17,1,0
lw,8,8,1.0,6,50,1.329303737937672e-12,50,50,0.9354143466934854,1.7538789194915295e-17,1,0
lw,8,8,1.0,7,57,1.4210854715202008e-12,57,57,1.0000000000000002,1.0084621343458617e-18,1,0
lw,8,8,1.0,8,57,1.6956998553784772e-12,57,57,1.0606601717798214,1.2426121739268552e-17,1,0
lw,8,8,1.0,9,57,1.9860273225978185e-12,57,57,1.118033988749895,2.7406535299041382e-17,1,0
lw,8,8,1.0,10,57,2.291259331513095e-12,57,57,1.1726039399558577,4.075670219366031e-17,1,0
lw,8,8,1.0,11,57,2.6107007145801942e-12,57,57,1.2247448713915885,3.7412382553073055e-17,1,0
lw,8,8,0.9,0,8,5.02429586778808e-13,8,8,0.3535533905932738,0.3535533905932738,1,1
lw,8,8,0.9,1,15,7.105427357601002e-13,15,15,0.5,3.0903451142907444e-17,1,1
lw,8,8,0.9,2,22,8.702335715267317e-13,22,22,0.6123724356957945,5.882710216976666e-18,1,1
lw,8,8,0.9,3,29,1.004859173557616e-12,29,29,0.7071067811865476,2.49173592577988e-17,1,1
lw,8,8,0.9,4,36,1.1234667099445442e-12,36,36,0.7905694150420948,4.283727497253626e-17,1,1
lw,8,8,0.9,5,43,1.2306961192854813e-12,43,43,0.8660254037844389,2.673323902802654e-17,1,1
lw,8,8,0.9,6,50,1.3293037379376714e-12,50,50,0.9354143466934851,2.957587939079363e-17,1,1
lw,8,8,0.9,7,57,1.4210854715201998e-12,57,57,0.9999999999999996,5.55622537404355e-18,1,1
lw,8,8,0.9,8,57,1.6956998553784768e-12,57,57,1.0606601717798212,1.7850281722937737e-17,1,1
lw,8,8,0.9,9,57,1.986027322597818e-12,57,57,1.1180339887498947,2.892813272379547e-17,1,1
lw,8,8,0.9,10,57,2.2912593315130942e-12,57,57,1.1726039399558572,4.603474279354648e-17,1,1
lw,8,8,0.9,11,57,2.6107007145801942e-12,57,57,1.2247448713915885,4.637715434643319e-17,1,1
lw,8,8,0.5,0,8,5.02429586778808e-13,8,8,0.3535533905932738,0.3535533905932738,1,1
lw,8,8,0.5,1,15,7.105427357601004e-13,15,15,0.5000000000000001,7.353967036448781e-17,1,1
lw,8,8,0.5,2,22,8.702335715267317e-13,22,22,0.6123724356957945,5.003972428569097e-19,1,1
lw,8,8,0.5,3,29,1.004859173557616e-12,29,29,0.7071067811865476,1.2291290897703189e-19,1,1
lw,8,8,0.5,4,36,1.1234667099445444e-12,36,36,0.7905694150420949,4.45102702604312e-17,1,1
lw,8,8,0.5,5,43,1.230696119285481e-12,43,43,0.8660254037844388,3.328850183478678e-17,1,1
lw,8,8,0.5,6,50,1.329303737937672e-12,50,50,0.9354143466934854,2.4609394549614003e-17,1,1
lw,8,8,0.5,7,57,1.4210854715202008e-12,57,57,1.0000000000000002,4.047872274297336e-19,1,1
lw,8,8,0.5,8,57,1.6956998553784772e-12,57,57,1.0606601717798214,1.5736502915055417e-17,1,1
lw,8,8,0.5,9,57,1.9860273225978193e-12,57,57,1.1180339887498953,2.2574202989683084e-17,1,1
lw,8,8,0.5,10,57,2.2912593315130946e-12,57,57,1.1726039399558574,3.543349067119422e-17,1,1
lw,8,8,0.5,11,57,2.6107007145801946e-12,57,57,1.2247448713915887,4.886826461889338e-17,1,1
lw,8,8,0.1,0,8,5.02429586778808e-13,8,8,0.3535533905932738,0.3535533905932738,1,1
lw,8,8,0.1,1,15,7.105427357601001e-13,15,15,0.49999999999999994,3.062776696659778e-17,1,1
lw,8,8,0.1,2,22,8.702335715267318e-13,22,22,0.6123724356957946,2.900214155516869e-17,1,1
lw,8,8,0.1,3,29,1.004859173557616e-12,29,29,0.7071067811865476,2.6645500183969172e-17,1,1
lw,8,8,0.1,4,36,1.1234667099445444e-12,36,36,0.7905694150420949,4.119333208023757e-17,1,1
lw,8,8,0.1,5,43,1.230696119285481e-12,43,43,0.8660254037844388,3.2788610004243766e-17,1,1
lw,8,8,0.1,6,50,1.3293037379376722e-12,50,50,0.9354143466934857,1.410547889050636e-17,1,1
lw,8,8,0.1,7,57,1.421085471520201e-12,57,57,1.0000000000000004,3.903407033120242e-19,1,1
lw,8,8,0.1,8,57,1.6956998553784772e-12,57,57,1.0606601717798214,7.712862660369082e-18,1,1
lw,8,8,0.1,9,57,1.9860273225978193e-12,57,57,1.1180339887498953,3.0864213414694786e-17,1,1
lw,8,8,0.1,10,57,2.2912593315130962e-12,57,57,1.172603939955858,3.014867064573716e-17,1,1
lw,8,8,0.1,11,57,2.610700714580197e-12,57,57,1.2247448713915898,4.5344412057292136e-17,1,1
lw,8,8,0.01,0,8,5.02429586778808e-13,8,8,0.3535533905932738,0.3535533905932738,1,1
lw,8,8,0.01,1,15,7.105427357601e-13,15,15,0.49999999999999983,2.202410481145481e-17,1,1
lw,8,8,0.01,2,22,8.702335715267318e-13,22,22,0.6123724356957946,1.7915748737157448e-17,1,1
lw,8,8,0.01,3,29,1.004859173557616e-12,29,29,0.7071067811865476,7.961014378480944e-18,1,1
lw,8,8,0.01,4,35,1.1234667099445444e-12,36,36,0.7905694150420949,3.6434247279464974e-17,1,1
lw,8,8,0.01,5,36,1.230696119285481e-12,43,43,0.8660254037844387,3.188380161036392e-17,1,1
lw,8,8,0.01,6,36,1.3293037379376722e-12,50,50,0.9354143466934856,1.4469670390178217e-17,1,1
lw,8,8,0.01,7,36,1.4210854715202008e-12,57,57,1.0000000000000002,1.1514258060516097e-18,1,1
lw,8,8,0.01,8,36,1.6956998553784772e-12,57,57,1.0606601717798214,9.948829565216725e-18,1,1
lw,8,8,0.01,9,36,1.986027322597819e-12,57,57,1.1180339887498951,1.7561830397512078e-17,1,1
lw,8,8,0.01,10,38,2.291259331513096e-12,57,57,1.1726039399558579,2.391063089873936e-17,1,1
lw,8,8,0.01,11,40,2.610700714580196e-12,57,57,1.2247448713915894,3.2061765663230566e-17,1,1
lw,8,8,0.001,0,8,5.02429586778808e-13,8,8,0.3535533905932738,0.3535533905932738,1,1
lw,8,8,0.001,1,15,7.105427357601002e-13,15,15,0.5,4.5390009759135665e-17,1,1
lw,8,8,0.001,2,22,8.702335715267318e-13,22,22,0.6123724356957946,3.265327002286053e-17,1,1
lw,8,8,0.001,3,29,1.0048591735576159e-12,29,29,0.7071067811865474,2.3193913038139323e-17,1,1
lw,8,8,0.001,4,29,1.123466709944544e-12,36,36,0.7905694150420947,3.682041319409127e-17,1,1
lw,8,8,0.001,5,29,1.2306961192854803e-12,43,43,0.8660254037844382,1.4840519151948682e-17,1,1
lw,8,8,0.001,6,29,1.329303737937671e-12,50,50,0.9354143466934848,1.5721048976324294e-17,1,1
lw,8,8,0.001,7,29,1.4210854715202e-12,57,57,0.9999999999999997,4.406098643021698e-19,1,1
lw,8,8,0.001,8,29,1.6956998553784762e-12,57,57,1.0606601717798207,6.387270686349041e-18,1,1
lw,8,8,0.001,9,29,1.9860273225978173e-12,57,57,1.1180339887498942,1.1989966780824072e-17,1,1
lw,8,8,0.001,10,29,2.2912593315130934e-12,57,57,1.1726039399558568,1.7405659144495304e-17,1,1
lw,8,8,0.001,11,29,2.6107007145801926e-12,57,57,1.2247448713915878,2.3032554401546132e-17,1,1
bw,8,8,1.0,0,8,5.02429586778808e-13,8,8,0.3535533905932738,0.3535533905932738,1,0
bw,8,8,1.0,1,15,7.105427357601001e-13,15,15,0.49999999999999994,5.697018526717083e-17,1,0
bw,8,8,1.0,2,22,8.702335715267315e-13,22,22,0.6123724356957944,2.3852444727638912e-17,1,0
bw,8,8,1.0,3,29,1.004859173557616e-12,29,29,0.7071067811865476,1.9537597216849194e-17,1,0
bw,8,8,1.0,4,36,1.1234667099445442e-12,36,36,0.7905694150420948,2.3893347924550724e-17,1,0
bw,8,8,1.0,5,43,1.230696119285481e-12,43,43,0.8660254037844387,2.6911361141238102e-17,1,0
bw,8,8,1.0,6,50,1.329303737937672e-12,50,50,0.9354143466934854,1.7538789194915295e-17,1,0
bw,8,8,1.0,7,57,1.4210854715202008e-12,57,57,1.0000000000000002,1.0084621343458617e-18,1,0
bw,8,8,1.0,8,57,1.6956998553784772e-12,57,57,1.0606601717798214,1.2426121739268552e-17,1,0
bw,8,8,1.0,9,57,1.9860273225978185e-12,57,57,1.118033988749895,2.7406535299041382e-17,1,0
bw,8,8,1.0,10,57,2.291259331513095e-12,57,57,1.1726039399558577,4.075670219366031e-17,1,0
bw,8,8,1.0,11,57,2.6107007145801942e-12,57,57,1.2247448713915885,3.7412382553073055e-17,1,0
bw,8,8,0.9,0,8,5.02429586778808e-13,8,8,0.3535533905932738,0.3535533905932738,2,0
bw,8,8,0.9,1,15,7.105427357601001e-13,15,15,0.49999999999999994,5.922148413256994e-17,2,0
bw,8,8,0.9,2,22,8.702335715267318e-13,22,22,0.6123724356957946,3.129255694583077e-17,2,0
bw,8,8,0.9,3,29,1.0048591735576163e-12,29,29,0.7071067811865477,2.1420338013300623e-17,2,0
bw,8,8,0.9,4,36,1.1234667099445446e-12,36,36,0.7905694150420951,4.6170565759780174e-17,2,0
bw,8,8,0.9,5,43,1.230696119285481e-12,43,43,0.8660254037844388,5.552033994309669e-17,2,0
bw,8,8,0.9,6,50,1.3293037379376724e-12,50,50,0.9354143466934858,1.803465987968875e-17,2,0
bw,8,8,0.9,7,57,1.4210854715202014e-12,57,57,1.0000000000000007,6.214016840133741e-19,2,0
bw,8,8,0.9,8,57,1.6956998553784772e-12,57,57,1.0606601717798214,2.537447552790282e-17,2,0
bw,8,8,0.9,9,57,1.986027322597819e-12,57,57,1.1180339887498951,4.872996287256498e-17,2,0
bw,8,8,0.9,10,57,2.291259331513095e-12,57,57,1.1726039399558577,6.43562208325198e-17,2,0
bw,8,8,0.9,11,57,2.610700714580196e-12,57,57,1.2247448713915894,5.922788560588095e-17,2,0
bw,8,8,0.5,0,8,5.02429586778808e-13,8,8,0.3535533905932738,0.3535533905932738,2,0
bw,8,8,0.5,1,15,7.105427357601005e-13,15,15,0.5000000000000002,2.966245227440377e-17,2,0
bw,8,8,0.5,2,22,8.702335715267317e-13,22,22,0.6123724356957945,3.374327711213566e-17,2,0
bw,8,8,0.5,3,29,1.0048591735576159e-12,29,29,0.7071067811865475,1.8853825966413834e-17,2,0
bw,8,8,0.5,4,36,1.1234667099445444e-12,36,36,0.7905694150420949,4.45063905516964e-17,2,0
bw,8,8,0.5,5,43,1.230696119285481e-12,43,43,0.8660254037844387,3.498992951921929e-17,2,0
bw,8,8,0.5,6,50,1.3293037379376718e-12,50,50,0.9354143466934853,2.5283147215595695e-17,2,0
bw,8,8,0.5,7,57,1.4210854715202008e-12,57,57,1.0000000000000002,4.824772151122741e-19,2,0
bw,8,8,0.5,8,57,1.6956998553784758e-12,57,57,1.0606601717798205,2.0377429644559295e-17,2,0
bw,8,8,0.5,9,57,1.986027322597818e-12,57,57,1.1180339887498947,2.8779341999355347e-17,2,0
bw,8,8,0.5,10,57,2.2912593315130946e-12,57,57,1.1726039399558574,3.965543453711692e-17,2,0
bw,8,8,0.5,11,57,2.610700714580196e-12,57,57,1.2247448713915894,4.4666706894969245e-17,2,0
bw,8,8,0.1,0,8,5.02429586778808e-13,8,8,0.3535533905932738,0.3535533905932738,2,0
bw,8,8,0.1,1,15,7.105427357601004e-13,15,15,0.5000000000000001,1.1690589983392207e-17,2,0
bw,8,8,0.1,2,22,8.702335715267315e-13,22,22,0.6123724356957944,1.473579225333999e-17,2,0
bw,8,8,0.1,3,29,1.004859173557616e-12,29,29,0.7071067811865476,1.2004108634334599e-17,2,0
bw,8,8,0.1,4,36,1.1234667099445438e-12,36,36,0.7905694150420945,3.7867807064330783e-17,2,0
bw,8,8,0.1,5,43,1.2306961192854809e-12,43,43,0.8660254037844386,2.819689364752103e-17,2,0
bw,8,8,0.1,6,50,1.3293037379376718e-12,50,50,0.9354143466934853,1.9549010676750746e-17,2,0
bw,8,8,0.1,7,57,1.4210854715202e-12,57,57,0.9999999999999998,1.5947171672089487e-18,2,0
bw,8,8,0.1,8,57,1.6956998553784768e-12,57,57,1.0606601717798212,1.6277608859162728e-17,2,0
bw,8,8,0.1,9,57,1.986027322597818e-12,57,57,1.1180339887498947,3.695283975108228e-17,2,0
bw,8,8,0.1,10,57,2.2912593315130946e-12,57,57,1.1726039399558574,2.792160861375454e-17,2,0
bw,8,8,0.1,11,57,2.6107007145801946e-12,57,57,1.2247448713915887,4.2713572501774795e-17,2,0
bw,8,8,0.01,0,8,5.02429586778808e-13,8,8,0.3535533905932738,0.3535533905932738,2,0
bw,8,8,0.01,1,15,7.105427357601001e-13,15,15,0.49999999999999994,3.490056742148396e-17,2,0
bw,8,8,0.01,2,22,8.702335715267318e-13,22,22,0.6123724356957946,2.1908777238262148e-17,2,0
bw,8,8,0.01,3,29,1.0048591735576159e-12,29,29,0.7071067811865475,1.556433442191935e-17,2,0
bw,8,8,0.01,4,36,1.1234667099445442e-12,36,36,0.7905694150420948,4.1514935577255877e-17,2,0
bw,8,8,0.01,5,43,1.230696119285481e-12,43,43,0.8660254037844387,3.0914152915208714e-17,2,0
bw,8,8,0.01,6,43,1.3293037379376718e-12,50,50,0.9354143466934853,2.156978999799847e-17,2,0
bw,8,8,0.01,7,46,1.4210854715202004e-12,57,57,1.0,3.341743374926066e-18,2,0
bw,8,8,0.01,8,50,1.6956998553784772e-12,57,57,1.0606601717798214,1.5225413623926678e-17,2,0
bw,8,8,0.01,9,50,1.986027322597819e-12,57,57,1.1180339887498951,2.126323667439951e-17,2,0
bw,8,8,0.01,10,50,2.2912593315130946e-12,57,57,1.1726039399558574,2.8397699243503024e-17,2,0
bw,8,8,0.01,11,50,2.610700714580195e-12,57,57,1.224744871391589,3.859835809517339e-17,2,0
bw,8,8,0.001,0,8,5.02429586778808e-13,8,8,0.3535533905932738,0.3535533905932738,2,0
bw,8,8,0.001,1,15,7.105427357601004e-13,15,15,0.5000000000000001,6.563777987001102e-17,2,0
bw,8,8,0.001,2,22,8.702335715267318e-13,22,22,0.6123724356957946,2.5976351149900102e-17,2,0
bw,8,8,0.001,3,29,1.004859173557616e-12,29,29,0.7071067811865476,1.7350636625023658e-17,2,0
bw,8,8,0.001,4,29,1.1234667099445444e-12,36,36,0.7905694150420949,3.725458409532464e-17,2,0
bw,8,8,0.001,5,32,1.2306961192854809e-12,43,43,0.8660254037844386,2.3075845050119867e-17,2,0
bw,8,8,0.001,6,34,1.3293037379376716e-12,50,50,0.9354143466934852,7.67490191030923e-18,2,0
bw,8,8,0.001,7,36,1.4210854715202002e-12,57,57,0.9999999999999999,2.2696137075394954e-19,2,0
bw,8,8,0.001,8,36,1.6956998553784768e-12,57,57,1.0606601717798212,9.23812532660677e-18,2,0
bw,8,8,0.001,9,36,1.986027322597819e-12,57,57,1.1180339887498951,9.724133433738726e-18,2,0
bw,8,8,0.001,10,36,2.291259331513095e-12,57,57,1.1726039399558577,1.8744537423021233e-17,2,0
bw,8,8,0.001,11,36,2.610700714580195e-12,57,57,1.224744871391589,2.4479673379295605e-17,2,0
fromm,8,8,1.0,0,8,5.02429586778808e-13,8,8,0.3535533905932738,0.3535533905932738,1,0
fromm,8,8,1.0,1,15,7.105427357601001e-13,15,15,0.49999999999999994,5.697018526717083e-17,1,0
fromm,8,8,1.0,2,22,8.702335715267315e-13,22,22,0.6123724356957944,2.3852444727638912e-17,1,0
fromm,8,8,1.0,3,29,1.004859173557616e-12,29,29,0.7071067811865476,1.9537597216849194e-17,1,0
fromm,8,8,1.0,4,36,1.1234667099445442e-12,36,36,0.7905694150420948,2.3893347924550724e-17,1,0
fromm,8,8,1.0,5,43,1.230696119285481e-12,43,43,0.8660254037844387,2.6911361141238102e-17,1,0
fromm,8,8,1.0,6,50,1.329303737937672e-12,50,50,0.9354143466934854,1.7538789194915295e-17,1,0
fromm,8,8,1.0,7,57,1.4210854715202008e-12,57,57,1.0000000000000002,1.0084621343458617e-18,1,0
fromm,8,8,1.0,8,57,1.6956998553784772e-12,57,57,1.0606601717798214,1.2426121739268552e-17,1,0
fromm,8,8,1.0,9,57,1.9860273225978185e-12,57,57,1.118033988749895,2.7406535299041382e-17,1,0
fromm,8,8,1.0,10,57,2.291259331513095e-12,57,57,1.1726039399558577,4.075670219366031e-17,1,0
fromm,8,8,1.0,11,57,2.6107007145801942e-12,57,57,1.2247448713915885,3.7412382553073055e-17,1,0
fromm,8,8,0.9,0,8,5.02429586778808e-13,8,8,0.3535533905932738,0.3535533905932738,2,1
fromm,8,8,0.9,1,15,7.105427357601001e-13,15,15,0.49999999999999994,6.137523827161864e-17,2,1
fromm,8,8,0.9,2,22,8.702335715267317e-13,22,22,0.6123724356957945,4.4074627022270624e-17,2,1
fromm,8,8,0.9,3,29,1.0048591735576155e-12,29,29,0.7071067811865471,2.7454304847045013e-17,2,1
fromm,8,8,0.9,4,36,1.1234667099445446e-12,36,36,0.790569415042095,7.113693964797675e-17,2,1
fromm,8,8,0.9,5,43,1.2306961192854815e-12,43,43,0.866025403784439,5.224768502508542e-17,2,1
fromm,8,8,0.9,6,50,1.3293037379376724e-12,50,50,0.9354143466934858,2.9815489551654203e-17,2,1
fromm,8,8,0.9,7,57,1.4210854715202008e-12,57,57,1.0000000000000002,1.4668323048398025e-18,2,1
fromm,8,8,0.9,8,57,1.6956998553784786e-12,57,57,1.0606601717798223,3.4494116658951236e-17,2,1
fromm,8,8,0.9,9,57,1.9860273225978193e-12,57,57,1.1180339887498953,3.877291323432967e-17,2,1
fromm,8,8,0.9,10,57,2.291259331513097e-12,57,57,1.1726039399558585,5.313520777549384e-17,2,1
fromm,8,8,0.9,11,57,2.6107007145801962e-12,57,57,1.2247448713915896,5.843298855963989e-17,2,1
fromm,8,8,0.5,0,8,5.02429586778808e-13,8,8,0.3535533905932738,0.3535533905932738,2,1
fromm,8,8,0.5,1,15,7.105427357601e-13,15,15,0.49999999999999983,3.9093492288256456e-17,2,1
fromm,8,8,0.5,2,22,8.702335715267317e-13,22,22,0.6123724356957945,1.1990732080206649e-17,2,1
fromm,8,8,0.5,3,29,1.0048591735576157e-12,29,29,0.7071067811865472,1.3544674108200766e-17,2,1
fromm,8,8,0.5,4,36,1.123466709944544e-12,36,36,0.7905694150420947,4.7747142786589595e-17,2,1
fromm,8,8,0.5,5,43,1.2306961192854809e-12,43,43,0.8660254037844386,3.3045969318465205e-17,2,1
fromm,8,8,0.5,6,50,1.3293037379376722e-12,50,50,0.9354143466934857,1.470575058493281e-17,2,1
fromm,8,8,0.5,7,57,1.4210854715202004e-12,57,57,1.0,4.2277147532223616e-18,2,1
fromm,8,8,0.5,8,57,1.6956998553784768e-12,57,57,1.0606601717798212,2.1716125409368205e-17,2,1
fromm,8,8,0.5,9,57,1.986027322597819e-12,57,57,1.1180339887498951,2.4463580939141043e-17,2,1
fromm,8,8,0.5,10,57,2.2912593315130942e-12,57,57,1.1726039399558572,4.5725487417646383e-17,2,1
fromm,8,8,0.5,11,57,2.6107007145801946e-12,57,57,1.2247448713915887,4.5940796603362815e-17,2,1
fromm,8,8,0.1,0,8,5.02429586778808e-13,8,8,0.3535533905932738,0.3535533905932738,2,1
fromm,8,8,0.1,1,15,7.105427357601004e-13,15,15,0.5000000000000001,5.3087671469448344e-17,2,1
fromm,8,8,0.1,2,22,8.702335715267322e-13,22,22,0.6123724356957948,2.946195273864841e-17,2,1
fromm,8,8,0.1,3,29,1.004859173557616e-12,29,29,0.7071067811865476,2.41443457667291e-17,2,1
fromm,8,8,0.1,4,36,1.1234667099445446e-12,36,36,0.790569415042095,4.9950630346870837e-17,2,1
fromm,8,8,0.1,5,43,1.230696119285481e-12,43,43,0.8660254037844388,3.725952718797847e-17,2,1
fromm,8,8,0.1,6,50,1.3293037379376724e-12,50,50,0.9354143466934858,1.569836107927425e-17,2,1
fromm,8,8,0.1,7,57,1.4210854715202014e-12,57,57,1.0000000000000007,2.719779480084748e-18,2,1
fromm,8,8,0.1,8,57,1.695699855378478e-12,57,57,1.0606601717798219,1.7898458747632572e-17,2,1
fromm,8,8,0.1,9,57,1.9860273225978193e-12,57,57,1.1180339887498953,3.2034866049650647e-17,2,1
fromm,8,8,0.1,10,57,2.2912593315130962e-12,57,57,1.172603939955858,3.955657164421361e-17,2,1
fromm,8,8,0.1,11,57,2.610700714580197e-12,57,57,1.2247448713915898,4.3834170955790593e-17,2,1
fromm,8,8,0.01,0,8,5.02429586778808e-13,8,8,0.3535533905932738,0.3535533905932738,2,1
fromm,8,8,0.01,1,15,7.105427357601001e-13,15,15,0.49999999999999994,4.7160679075816224e-17,2,1
fromm,8,8,0.01,2,22,8.702335715267315e-13,22,22,0.6123724356957944,1.9300203108266378e-17,2,1
fromm,8,8,0.01,3,29,1.0048591735576159e-12,29,29,0.7071067811865474,1.895982524212777e-17,2,1
fromm,8,8,0.01,4,36,1.1234667099445446e-12,36,36,0.790569415042095,3.1204425430990155e-17,2,1
fromm,8,8,0.01,5,43,1.2306961192854807e-12,43,43,0.8660254037844385,3.4774780950411463e-17,2,1
fromm,8,8,0.01,6,43,1.329303737937672e-12,50,50,0.9354143466934854,1.7950038976458408e-17,2,1
fromm,8,8,0.01,7,43,1.4210854715202e-12,57,57,0.9999999999999997,1.439151603678864e-17,2,1
fromm,8,8,0.01,8,43,1.6956998553784768e-12,57,57,1.0606601717798212,1.5929378871416733e-17,2,1
fromm,8,8,0.01,9,43,1.986027322597818e-12,57,57,1.1180339887498947,2.203303088883434e-17,2,1
fromm,8,8,0.01,10,43,2.2912593315130942e-12,57,57,1.1726039399558572,3.9887251982800636e-17,2,1
fromm,8,8,0.01,11,44,2.610700714580195e-12,57,57,1.224744871391589,4.497808325693977e-17,2,1
fromm,8,8,0.001,0,8,5.02429586778808e-13,8,8,0.3535533905932738,0.3535533905932738,2,1
fromm,8,8,0.001,1,15,7.105427357601002e-13,15,15,0.5,1.9429023273322052e-17,2,1
fromm,8,8,0.001,2,22,8.702335715267318e-13,22,22,0.6123724356957946,2.0882377198677863e-17,2,1
fromm,8,8,0.001,3,29,1.0048591735576159e-12,29,29,0.7071067811865475,8.980659273854563e-18,2,1
fromm,8,8,0.001,4,29,1.123466709944544e-12,36,36,0.7905694150420947,3.9101664807445985e-17,2,1
fromm,8,8,0.001,5,29,1.2306961192854807e-12,43,43,0.8660254037844385,2.346598741154105e-17,2,1
fromm,8,8,0.001,6,29,1.3293037379376716e-12,50,50,0.9354143466934852,1.347634909806856e-17,2,1
fromm,8,8,0.001,7,29,1.4210854715202e-12,57,57,0.9999999999999997,9.019175851404553e-19,2,1
fromm,8,8,0.001,8,30,1.6956998553784766e-12,57,57,1.060660171779821,9.029089719606007e-18,2,1
fromm,8,8,0.001,9,34,1.986027322597818e-12,57,57,1.1180339887498947,1.2224240287434517e-17,2,1
fromm,8,8,0.001,10,34,2.291259331513094e-12,57,57,1.172603939955857,1.3369911757462911e-17,2,1
fromm,8,8,0.001,11,36,2.6107007145801946e-12,57,57,1.2247448713915887,2.5899627224900135e-17,2,1
ub3,8,8,1.0,0,8,5.02429586778808e-13,8,8,0.3535533905932738,0.3535533905932738,1,0
ub3,8,8,1.0,1,15,7.105427357601001e-13,15,15,0.49999999999999994,5.697018526717083e-17,1,0
ub3,8,8,1.0,2,22,8.702335715267315e-13,22,22,0.6123724356957944,2.3852444727638912e-17,1,0
ub3,8,8,1.0,3,29,1.004859173557616e-12,29,29,0.7071067811865476,1.9537597216849194e-17,1,0
ub3,8,8,1.0,4,36,1.1234667099445442e-12,36,36,0.7905694150420948,2.3893347924550724e-17,1,0
ub3,8,8,1.0,5,43,1.230696119285481e-12,43,43,0.8660254037844387,2.6911361141238102e-17,1,0
ub3,8,8,1.0,6,50,1.329303737937672e-12,50,50,0.9354143466934854,1.7538789194915295e-17,1,0
ub3,8,8,1.0,7,57,1.4210854715202008e-12,57,57,1.0000000000000002,1.0084621343458617e-18,1,0
ub3,8,8,1.0,8,57,1.6956998553784772e-12,57,57,1.0606601717798214,1.2426121739268552e-17,1,0
ub3,8,8,1.0,9,57,1.9860273225978185e-12,57,57,1.118033988749895,2.7406535299041382e-17,1,0
ub3,8,8,1.0,10,57,2.291259331513095e-12,57,57,1.1726039399558577,4.075670219366031e-17,1,0
ub3,8,8,1.0,11,57,2.6107007145801942e-12,57,57,1.2247448713915885,3.7412382553073055e-17,1,0
ub3,8,8,0.9,0,8,5.02429586778808e-13,8,8,0.3535533905932738,0.3535533905932738,2,1
ub3,8,8,0.9,1,15,7.105427357601001e-13,15,15,0.49999999999999994,4.230900053525487e-17,2,1
ub3,8,8,0.9,2,22,8.702335715267315e-13,22,22,0.6123724356957944,4.1779768649532064e-17,2,1
ub3,8,8,0.9,3,29,1.0048591735576159e-12,29,29,0.7071067811865475,2.0688064906517952e-17,2,1
ub3,8,8,0.9,4,36,1.123466709944545e-12,36,36,0.7905694150420953,6.072618796202354e-17,2,1
ub3,8,8,0.9,5,43,1.230696119285481e-12,43,43,0.8660254037844387,3.1565331813927464e-17,2,1
ub3,8,8,0.9,6,50,1.3293037379376718e-12,50,50,0.9354143466934853,2.4909110540380053e-17,2,1
ub3,8,8,0.9,7,57,1.4210854715202004e-12,57,57,1.0,4.277480519441052e-18,2,1
ub3,8,8,0.9,8,57,1.6956998553784776e-12,57,57,1.0606601717798216,2.7562114860671602e-17,2,1
ub3,8,8,0.9,9,57,1.9860273225978185e-12,57,57,1.118033988749895,3.925328872154699e-17,2,1
ub3,8,8,0.9,10,57,2.291259331513096e-12,57,57,1.1726039399558579,4.135957899478205e-17,2,1
ub3,8,8,0.9,11,57,2.6107007145801954e-12,57,57,1.2247448713915892,5.846730785833681e-17,2,1
ub3,8,8,0.5,0,8,5.02429586778808e-13,8,8,0.3535533905932738,0.3535533905932738,2,1
ub3,8,8,0.5,1,15,7.105427357601e-13,15,15,0.49999999999999983,3.9093492288256456e-17,2,1
ub3,8,8,0.5,2,22,8.702335715267317e-13,22,22,0.6123724356957945,1.1990732080206649e-17,2,1
ub3,8,8,0.5,3,29,1.0048591735576157e-12,29,29,0.7071067811865472,1.3544674108200766e-17,2,1
ub3,8,8,0.5,4,36,1.123466709944544e-12,36,36,0.7905694150420947,4.7747142786589595e-17,2,1
ub3,8,8,0.5,5,43,1.2306961192854809e-12,43,43,0.8660254037844386,3.3045969318465205e-17,2,1
ub3,8,8,0.5,6,50,1.3293037379376722e-12,50,50,0.9354143466934857,1.470575058493281e-17,2,1
ub3,8,8,0.5,7,57,1.4210854715202004e-12,57,57,1.0,4.2277147532223616e-18,2,1
ub3,8,8,0.5,8,57,1.6956998553784768e-12,57,57,1.0606601717798212,2.1716125409368205e-17,2,1
ub3,8,8,0.5,9,57,1.986027322597819e-12,57,57,1.1180339887498951,2.4463580939141043e-17,2,1
ub3,8,8,0.5,10,57,2.2912593315130942e-12,57,57,1.1726039399558572,4.5725487417646383e-17,2,1
ub3,8,8,0.5,11,57,2.6107007145801946e-12,57,57,1.2247448713915887,4.5940796603362815e-17,2,1
ub3,8,8,0.1,0,8,5.02429586778808e-13,8,8,0.3535533905932738,0.3535533905932738,2,1
ub3,8,8,0.1,1,15,7.105427357601004e-13,15,15,0.5000000000000001,2.785184826967612e-17,2,1
ub3,8,8,0.1,2,22,8.702335715267318e-13,22,22,0.6123724356957946,1.6062845311135642e-17,2,1
ub3,8,8,0.1,3,29,1.0048591735576163e-12,29,29,0.7071067811865477,1.4981574206374984e-17,2,1
ub3,8,8,0.1,4,36,1.1234667099445444e-12,36,36,0.7905694150420949,5.3037415887548346e-17,2,1
ub3,8,8,0.1,5,43,1.2306961192854813e-12,43,43,0.8660254037844389,3.426906369376268e-17,2,1
ub3,8,8,0.1,6,50,1.3293037379376718e-12,50,50,0.9354143466934853,1.729356476591965e-17,2,1
ub3,8,8,0.1,7,57,1.4210854715202008e-12,57,57,1.0000000000000002,8.62939813245289e-18,2,1
ub3,8,8,0.1,8,57,1.6956998553784772e-12,57,57,1.0606601717798214,2.395470499735483e-17,2,1
ub3,8,8,0.1,9,57,1.986027322597819e-12,57,57,1.1180339887498951,3.507122948242865e-17,2,1
ub3,8,8,0.1,10,57,2.291259331513095e-12,57,57,1.1726039399558577,3.6286492852603966e-17,2,1
ub3,8,8,0.1,11,57,2.610700714580196e-12,57,57,1.2247448713915894,5.061621450141593e-17,2,1
ub3,8,8,0.01,0,8,5.02429586778808e-13,8,8,0.3535533905932738,0.3535533905932738,2,1
ub3,8,8,0.01,1,15,7.105427357601002e-13,15,15,0.5,4.8073927897856385e-18,2,1
ub3,8,8,0.01,2,22,8.702335715267315e-13,22,22,0.6123724356957944,1.96626142278788e-18,2,1
ub3,8,8,0.01,3,29,1.004859173557616e-12,29,29,0.7071067811865476,5.402579511036514e-18,2,1
ub3,8,8,0.01,4,36,1.1234667099445442e-12,36,36,0.7905694150420948,3.9872652234094536e-17,2,1
ub3,8,8,0.01,5,39,1.230696119285481e-12,43,43,0.8660254037844387,3.9617327038906047e-17,2,1
ub3,8,8,0.01,6,43,1.3293037379376716e-12,50,50,0.9354143466934852,2.7880269745923085e-17,2,1
ub3,8,8,0.01,7,43,1.4210854715202e-12,57,57,0.9999999999999998,2.9325732856183083e-18,2,1
ub3,8,8,0.01,8,43,1.6956998553784772e-12,57,57,1.0606601717798214,1.8050057692261165e-17,2,1
ub3,8,8,0.01,9,43,1.9860273225978177e-12,57,57,1.1180339887498945,2.611345969872166e-17,2,1
ub3,8,8,0.01,10,43,2.2912593315130946e-12,57,57,1.1726039399558574,3.0188186513720136e-17,2,1
ub3,8,8,0.01,11,43,2.610700714580195e-12,57,57,1.224744871391589,4.660608386733938e-17,2,1
ub3,8,8,0.001,0,8,5.02429586778808e-13,8,8,0.3535533905932738,0.3535533905932738,2,1
ub3,8,8,0.001,1,15,7.105427357601002e-13,15,15,0.5,2.8220331457537676e-17,2,1
ub3,8,8,0.001,2,22,8.70233571526732e-13,22,22,0.6123724356957947,2.1674002377027977e-17,2,1
ub3,8,8,0.001,3,29,1.0048591735576159e-12,29,29,0.7071067811865475,1.6089556293216e-17,2,1
ub3,8,8,0.001,4,29,1.1234667099445442e-12,36,36,0.7905694150420948,4.242580170210254e-17,2,1
ub3,8,8,0.001,5,29,1.2306961192854807e-12,43,43,0.8660254037844385,2.3477060202646202e-17,2,1
ub3,8,8,0.001,6,29,1.3293037379376716e-12,50,50,0.9354143466934852,9.11661097111878e-18,2,1
ub3,8,8,0.001,7,29,1.4210854715202004e-12,57,57,1.0,2.9143732899923346e-20,2,1
ub3,8,8,0.001,8,29,1.6956998553784766e-12,57,57,1.060660171779821,8.850638889025424e-18,2,1
ub3,8,8,0.001,9,29,1.986027322597818e-12,57,57,1.1180339887498947,1.7030047653538784e-17,2,1
ub3,8,8,0.001,10,29,2.2912593315130946e-12,57,57,1.1726039399558574,2.2502989977588203e-17,2,1
ub3,8,8,0.001,11,32,2.610700714580195e-12,57,57,1.224744871391589,2.6972835445648395e-17,2,1
ub5,8,8,1.0,0,8,5.02429586778808e-13,8,8,0.3535533905932738,0.3535533905932738,1,0
ub5,8,8,1.0,1,15,7.105427357601001e-13,15,15,0.49999999999999994,5.697018526717083e-17,1,0
ub5,8,8,1.0,2,22,8.702335715267315e-13,22,22,0.6123724356957944,2.3852444727638912e-17,1,0
ub5,8,8,1.0,3,29,1.004859173557616e-12,29,29,0.7071067811865476,1.9537597216849194e-17,1,0
ub5,8,8,1.0,4,36,1.1234667099445442e-12,36,36,0.7905694150420948,2.3893347924550724e-17,1,0
ub5,8,8,1.0,5,43,1.230696119285481e-12,43,43,0.8660254037844387,2.6911361141238102e-17,1,0
ub5,8,8,1.0,6,50,1.329303737937672e-12,50,50,0.9354143466934854,1.7538789194915295e-17,1,0
ub5,8,8,1.0,7,57,1.4210854715202008e-12,57,57,1.0000000000000002,1.0084621343458617e-18,1,0
ub5,8,8,1.0,8,57,1.6956998553784772e-12,57,57,1.0606601717798214,1.2426121739268552e-17,1,0
ub5,8,8,1.0,9,57,1.9860273225978185e-12,57,57,1.118033988749895,2.7406535299041382e-17,1,0
ub5,8,8,1.0,10,57,2.291259331513095e-12,57,57,1.1726039399558577,4.075670219366031e-17,1,0
ub5,8,8,1.0,11,57,2.6107007145801942e-12,57,57,1.2247448713915885,3.7412382553073055e-17,1,0
ub5,8,8,0.9,0,8,5.02429586778808e-13,8,8,0.3535533905932738,0.3535533905932738,3,2
ub5,8,8,0.9,1,15,7.105427357601004e-13,15,15,0.5000000000000001,2.4894425518714663e-17,3,2
ub5,8,8,0.9,2,22,8.702335715267318e-13,22,22,0.6123724356957946,3.639524201510632e-17,3,2
ub5,8,8,0.9,3,29,1.004859173557616e-12,29,29,0.7071067811865476,7.708490498904452e-18,3,2
ub5,8,8,0.9,4,36,1.1234667099445442e-12,36,36,0.7905694150420948,5.428499228003369e-17,3,2
ub5,8,8,0.9,5,43,1.2306961192854813e-12,43,43,0.8660254037844389,3.966083701524079e-17,3,2
ub5,8,8,0.9,6,50,1.3293037379376724e-12,50,50,0.9354143466934858,2.4626470290426442e-17,3,2
ub5,8,8,0.9,7,57,1.4210854715202014e-12,57,57,1.0000000000000007,4.551292993259105e-18,3,2
ub5,8,8,0.9,8,57,1.6956998553784782e-12,57,57,1.060660171779822,2.437036672442716e-17,3,2
ub5,8,8,0.9,9,57,1.9860273225978197e-12,57,57,1.1180339887498956,4.053339880818264e-17,3,2
ub5,8,8,0.9,10,57,2.2912593315130966e-12,57,57,1.1726039399558583,5.117198031140545e-17,3,2
ub5,8,8,0.9,11,57,2.6107007145802e-12,57,57,1.2247448713915912,5.615910548189533e-17,3,2
ub5,8,8,0.5,0,8,5.02429586778808e-13,8,8,0.3535533905932738,0.3535533905932738,3,2
ub5,8,8,0.5,1,15,7.105427357601002e-13,15,15,0.5,2.906582326559833e-17,3,2
ub5,8,8,0.5,2,22,8.70233571526732e-13,22,22,0.6123724356957947,1.3074047937671138e-17,3,2
ub5,8,8,0.5,3,29,1.0048591735576163e-12,29,29,0.7071067811865477,2.5548072333239093e-17,3,2
ub5,8,8,0.5,4,36,1.1234667099445444e-12,36,36,0.7905694150420949,4.9386445634976347e-17,3,2
ub5,8,8,0.5,5,43,1.2306961192854805e-12,43,43,0.8660254037844384,4.29226085844001e-17,3,2
ub5,8,8,0.5,6,50,1.3293037379376714e-12,50,50,0.935414346693485,3.0476314153569815e-17,3,2
ub5,8,8,0.5,7,57,1.421085471520201e-12,57,57,1.0000000000000004,1.7222353312387589e-18,3,2
ub5,8,8,0.5,8,57,1.6956998553784776e-12,57,57,1.0606601717798216,1.4238779730876995e-17,3,2
ub5,8,8,0.5,9,57,1.986027322597818e-12,57,57,1.1180339887498947,2.8719179940767696e-17,3,2
ub5,8,8,0.5,10,57,2.291259331513095e-12,57,57,1.1726039399558577,4.463535575526509e-17,3,2
ub5,8,8,0.5,11,57,2.6107007145801954e-12,57,57,1.2247448713915892,5.45771191024801e-17,3,2
ub5,8,8,0.1,0,8,5.02429586778808e-13,8,8,0.3535533905932738,0.3535533905932738,3,2
ub5,8,8,0.1,1,15,7.105427357601001e-13,15,15,0.49999999999999994,3.9881197614044414e-17,3,2
ub5,8,8,0.1,2,22,8.70233571526732e-13,22,22,0.6123724356957947,2.475822629805523e-17,3,2
ub5,8,8,0.1,3,29,1.004859173557616e-12,29,29,0.7071067811865476,1.8565302406395195e-17,3,2
ub5,8,8,0.1,4,36,1.1234667099445446e-12,36,36,0.790569415042095,3.985965407035007e-17,3,2
ub5,8,8,0.1,5,43,1.2306961192854813e-12,43,43,0.8660254037844389,3.328923703615176e-17,3,2
ub5,8,8,0.1,6,50,1.3293037379376728e-12,50,50,0.935414346693486,2.7635234780791824e-17,3,2
ub5,8,8,0.1,7,57,1.4210854715202014e-12,57,57,1.0000000000000007,8.681418009514456e-18,3,2
ub5,8,8,0.1,8,57,1.6956998553784782e-12,57,57,1.060660171779822,2.9007432301320157e-17,3,2
ub5,8,8,0.1,9,57,1.9860273225978197e-12,57,57,1.1180339887498956,3.6148232000657916e-17,3,2
ub5,8,8,0.1,10,57,2.291259331513097e-12,57,57,1.1726039399558585,4.036911747354554e-17,3,2
ub5,8,8,0.1,11,57,2.610700714580198e-12,57,57,1.2247448713915903,5.131401965828373e-17,3,2
ub5,8,8,0.01,0,8,5.02429586778808e-13,8,8,0.3535533905932738,0.3535533905932738,3,2
ub5,8,8,0.01,1,15,7.105427357601004e-13,15,15,0.5000000000000001,2.044077070497593e-18,3,2
ub5,8,8,0.01,2,22,8.70233571526732e-13,22,22,0.6123724356957947,1.7311361691073622e-17,3,2
ub5,8,8,0.01,3,29,1.0048591735576163e-12,29,29,0.7071067811865477,1.426996991696739e-17,3,2
ub5,8,8,0.01,4,36,1.1234667099445446e-12,36,36,0.7905694150420951,5.199176973688146e-17,3,2
ub5,8,8,0.01,5,39,1.2306961192854817e-12,43,43,0.8660254037844392,3.191190051746093e-17,3,2
ub5,8,8,0.01,6,43,1.3293037379376722e-12,50,50,0.9354143466934857,1.3436913501207278e-17,3,2
ub5,8,8,0.01,7,43,1.421085471520201e-12,57,57,1.0000000000000004,7.876106930449524e-19,3,2
ub5,8,8,0.01,8,43,1.695699855378478e-12,57,57,1.0606601717798219,1.604376862693599e-17,3,2
ub5,8,8,0.01,9,43,1.98602732259782e-12,57,57,1.1180339887498958,3.066279447188459e-17,3,2
ub5,8,8,0.01,10,43,2.2912593315130962e-12,57,57,1.172603939955858,3.865321174605729e-17,3,2
ub5,8,8,0.01,11,43,2.610700714580197e-12,57,57,1.2247448713915898,4.194777239837352e-17,3,2
ub5,8,8,0.001,0,8,5.02429586778808e-13,8,8,0.3535533905932738,0.3535533905932738,3,2
ub5,8,8,0.001,1,15,7.105427357601001e-13,15,15,0.49999999999999994,8.376944900629842e-18,3,2
ub5,8,8,0.001,2,22,8.702335715267317e-13,22,22,0.6123724356957945,1.8259207030610435e-17,3,2
ub5,8,8,0.001,3,29,1.0048591735576159e-12,29,29,0.7071067811865474,1.9155646662595926e-17,3,2
ub5,8,8,0.001,4,29,1.1234667099445438e-12,36,36,0.7905694150420945,3.524621837686527e-17,3,2
ub5,8,8,0.001,5,29,1.2306961192854807e-12,43,43,0.8660254037844385,2.007116853774533e-17,3,2
ub5,8,8,0.001,6,29,1.329303737937671e-12,50,50,0.9354143466934848,1.196476106867009e-17,3,2
ub5,8,8,0.001,7,29,1.4210854715201998e-12,57,57,0.9999999999999996,1.4165134651040935e-18,3,2
ub5,8,8,0.001,8,29,1.6956998553784766e-12,57,57,1.060660171779821,9.124257149732367e-18,3,2
ub5,8,8,0.001,9,29,1.9860273225978173e-12,57,57,1.1180339887498942,1.8331403825015754e-17,3,2
ub5,8,8,0.001,10,29,2.291259331513093e-12,57,57,1.1726039399558565,1.7188408709256815e-17,3,2
ub5,8,8,0.001,11,32,2.6107007145801942e-12,57,57,1.2247448713915885,2.4476953966945728e-17,3,2
weno5l,8,8,1.0,0,8,5.02429586778808e-13,8,8,0.3535533905932738,0.3535533905932738,3,2
weno5l,8,8,1.0,1,15,7.334741950495824e-13,15,15,0.5161365799236209,6.106541226429486e-17,3,2
weno5l,8,8,1.0,2,22,9.281394091472792e-13,22,22,0.6531200464349312,3.251777726386072e-17,3,2
weno5l,8,8,1.0,3,29,1.1464617539946304e-12,29,29,0.8067507387632411,3.167495245084251e-17,3,2
weno5l,8,8,1.0,4,36,1.5447420926845033e-12,36,36,1.0870156114058513,8.847976591439955e-17,3,2
weno5l,8,8,1.0,5,43,2.3174030078490574e-12,43,43,1.6307273941587939,7.580863475478946e-17,3,2
weno5l,8,8,1.0,6,50,3.665432659315267e-12,50,50,2.579318931038107,5.551503469694501e-17,3,2
weno5l,8,8,1.0,7,57,5.949792590979447e-12,57,57,4.186794327447934,1.4983478609622668e-17,3,2
weno5l,8,8,1.0,8,57,1.102041115693994e-11,57,57,6.893266608314495,5.51863647379319e-17,3,2
weno5l,8,8,1.0,9,57,2.0342325980834134e-11,57,57,11.451711463391721,2.201552836194108e-16,3,2
weno5l,8,8,1.0,10,57,3.7413428515456543e-11,57,57,19.147170763734408,3.902269648991844e-16,3,2
weno5l,8,8,1.0,11,57,6.857813667395209e-11,57,57,32.171715705268085,5.768611800260405e-16,3,2
weno5l,8,8,0.9,0,8,5.02429586778808e-13,8,8,0.3535533905932738,0.3535533905932738,3,2
weno5l,8,8,0.9,1,15,7.271138902332402e-13,15,15,0.5116609132984894,1.2000135558615502e-17,3,2
weno5l,8,8,0.9,2,22,9.073098197315541e-13,22,22,0.6384625259457217,2.1070328899541828e-17,3,2
weno5l,8,8,0.9,3,29,1.0781106341984816e-12,29,29,0.7586529141313204,8.414744041899851e-18,3,2
weno5l,8,8,0.9,4,36,1.3126312375720994e-12,36,36,0.9236821175632155,7.489625994462415e-17,3,2
weno5l,8,8,0.9,5,43,1.7557642770708618e-12,43,43,1.2355092724948065,6.928247200597565e-17,3,2
weno5l,8,8,0.9,6,50,2.5164903943159163e-12,50,50,1.7708226878316553,6.405959453080386e-17,3,2
weno5l,8,8,0.9,7,57,3.732139322095807e-12,57,57,2.626259571919602,1.3431959711369672e-17,3,2
weno5l,8,8,0.9,8,57,6.340294931717577e-12,57,57,3.9658541516531005,8.618833375861797e-17,3,2
weno5l,8,8,0.9,9,57,1.0751119985588234e-11,57,57,6.052342495113833,1.4319336068443845e-16,3,2
weno5l,8,8,0.9,10,57,1.8175150945442415e-11,57,57,9.301545798329203,2.0892106471200913e-16,3,2
weno5l,8,8,0.9,11,57,3.063072112676315e-11,57,57,14.369635859643761,3.2909314170963263e-16,3,2
weno5l,8,8,0.5,0,8,5.02429586778808e-13,8,8,0.3535533905932738,0.3535533905932738,3,2
weno5l,8,8,0.5,1,15,7.114073117802344e-13,15,15,0.5006083912878296,3.1005194103722956e-17,3,2
weno5l,8,8,0.5,2,22,8.704376003083745e-13,22,22,0.6125160081871975,5.790530747084439e-19,3,2
weno5l,8,8,0.5,3,29,1.0048591735576159e-12,29,29,0.7071067811865475,3.833002989627419e-17,3,2
weno5l,8,8,0.5,4,36,1.1234667099445444e-12,36,36,0.7905694150420949,3.303655196112001e-17,3,2
weno5l,8,8,0.5,5,43,1.230696119285481e-12,43,43,0.8660254037844388,3.030958828801595e-17,3,2
weno5l,8,8,0.5,6,50,1.329303737937672e-12,50,50,0.9354143466934854,2.845690643166768e-17,3,2
weno5l,8,8,0.5,7,57,1.421085471520201e-12,57,57,1.0000000000000004,1.3311320795874876e-18,3,2
weno5l,8,8,0.5,8,57,1.6956998553784782e-12,57,57,1.060660171779822,2.326292566149991e-17,3,2
weno5l,8,8,0.5,9,57,1.9860273225978185e-12,57,57,1.118033988749895,3.452619059824991e-17,3,2
weno5l,8,8,0.5,10,57,2.2912593315130946e-12,57,57,1.1726039399558574,4.727474262770725e-17,3,2
weno5l,8,8,0.5,11,57,2.6107007145801962e-12,57,57,1.2247448713915896,7.742245173214588e-17,3,2
weno5l,8,8,0.1,0,8,5.02429586778808e-13,8,8,0.3535533905932738,0.3535533905932738,3,2
weno5l,8,8,0.1,1,15,7.105427357601001e-13,15,15,0.49999999999999994,6.228992900131544e-17,3,2
weno5l,8,8,0.1,2,22,8.702335715267317e-13,22,22,0.6123724356957945,2.634711752836166e-17,3,2
weno5l,8,8,0.1,3,29,1.0048591735576159e-12,29,29,0.7071067811865475,2.3445355672938096e-17,3,2
weno5l,8,8,0.1,4,36,1.1234667099445442e-12,36,36,0.7905694150420948,4.5167637096315453e-17,3,2
weno5l,8,8,0.1,5,43,1.2306961192854803e-12,43,43,0.8660254037844383,2.64947276734171e-17,3,2
weno5l,8,8,0.1,6,50,1.3293037379376718e-12,50,50,0.9354143466934853,2.0839372242287437e-17,3,2
weno5l,8,8,0.1,7,57,1.4210854715202e-12,57,57,0.9999999999999998,2.0458931983433147e-18,3,2
weno5l,8,8,0.1,8,57,1.6956998553784766e-12,57,57,1.060660171779821,2.3258297772897928e-17,3,2
weno5l,8,8,0.1,9,57,1.9860273225978185e-12,57,57,1.118033988749895,3.236233079178852e-17,3,2
weno5l,8,8,0.1,10,57,2.2912593315130946e-12,57,57,1.1726039399558574,2.4779724696751584e-17,3,2
weno5l,8,8,0.1,11,57,2.610700714580195e-12,57,57,1.224744871391589,4.029713867726584e-17,3,2
weno5l,8,8,0.01,0,8,5.02429586778808e-13,8,8,0.3535533905932738,0.3535533905932738,3,2
weno5l,8,8,0.01,1,15,7.105427357601004e-13,15,15,0.5000000000000001,1.906845617107011e-17,3,2
weno5l,8,8,0.01,2,22,8.702335715267317e-13,22,22,0.6123724356957945,1.9418293308720632e-17,3,2
weno5l,8,8,0.01,3,29,1.004859173557616e-12,29,29,0.7071067811865476,1.288090266624248e-17,3,2
weno5l,8,8,0.01,4,36,1.123466709944544e-12,36,36,0.7905694150420947,3.4865563717951654e-17,3,2
weno5l,8,8,0.01,5,39,1.2306961192854807e-12,43,43,0.8660254037844385,3.3351815953121956e-17,3,2
weno5l,8,8,0.01,6,43,1.3293037379376716e-12,50,50,0.9354143466934852,1.2995838849057365e-17,3,2
weno5l,8,8,0.01,7,43,1.4210854715202002e-12,57,57,0.9999999999999999,2.003526377718486e-18,3,2
weno5l,8,8,0.01,8,43,1.6956998553784768e-12,57,57,1.0606601717798212,1.4275170841397598e-17,3,2
weno5l,8,8,0.01,9,43,1.9860273225978177e-12,57,57,1.1180339887498945,2.3563318455117216e-17,3,2
weno5l,8,8,0.01,10,43,2.291259331513094e-12,57,57,1.172603939955857,3.624908939849665e-17,3,2
weno5l,8,8,0.01,11,43,2.6107007145801946e-12,57,57,1.2247448713915887,4.812642286159527e-17,3,2
weno5l,8,8,0.001,0,8,5.02429586778808e-13,8,8,0.3535533905932738,0.3535533905932738,3,2
weno5l,8,8,0.001,1,15,7.105427357601001e-13,15,15,0.49999999999999994,1.2778214486666097e-17,3,2
weno5l,8,8,0.001,2,22,8.702335715267317e-13,22,22,0.6123724356957945,1.5305428827527798e-17,3,2
weno5l,8,8,0.001,3,29,1.0048591735576159e-12,29,29,0.7071067811865475,1.4540594938140892e-17,3,2
weno5l,8,8,0.001,4,29,1.1234667099445442e-12,36,36,0.7905694150420948,4.455433674510232e-17,3,2
weno5l,8,8,0.001,5,29,1.2306961192854809e-12,43,43,0.8660254037844386,1.8990616458088455e-17,3,2
weno5l,8,8,0.001,6,29,1.3293037379376718e-12,50,50,0.9354143466934853,1.1185716198686318e-17,3,2
weno5l,8,8,0.001,7,29,1.4210854715202e-12,57,57,0.9999999999999997,2.7329995148465324e-18,3,2
weno5l,8,8,0.001,8,29,1.6956998553784768e-12,57,57,1.0606601717798212,8.947140940076672e-18,3,2
weno5l,8,8,0.001,9,29,1.9860273225978177e-12,57,57,1.1180339887498945,1.6412504021474768e-17,3,2
weno5l,8,8,0.001,10,29,2.2912593315130942e-12,57,57,1.1726039399558572,2.3007246194840325e-17,3,2
weno5l,8,8,0.001,11,32,2.6107007145801942e-12,57,57,1.2247448713915885,2.7582352597423365e-17,3,2
