scheme,lambda,L,effective_rank,exact_rank
uw1,0.01,5,41,43
uw1,0.01,7,43,43
uw1,0.01,9,43,43
uw1,0.01,12,43,43
uw1,0.001,5,29,43
uw1,0.001,7,29,43
uw1,0.001,9,29,43
uw1,0.001,12,34,43
lw,0.01,5,36,43
lw,0.01,7,36,43
lw,0.01,9,36,43
lw,0.01,12,40,43
lw,0.001,5,29,43
lw,0.001,7,29,43
lw,0.001,9,29,43
lw,0.001,12,29,43
bw,0.01,5,43,43
bw,0.01,7,43,43
bw,0.01,9,43,43
bw,0.01,12,43,43
bw,0.001,5,34,43
bw,0.001,7,36,43
bw,0.001,9,36,43
bw,0.001,12,36,43
fromm,0.01,5,43,43
fromm,0.01,7,43,43
fromm,0.01,9,43,43
fromm,0.01,12,43,43
fromm,0.001,5,29,43
fromm,0.001,7,29,43
fromm,0.001,9,34,43
fromm,0.001,12,36,43
ub3,0.01,5,41,43
ub3,0.01,7,43,43
ub3,0.01,9,43,43
ub3,0.01,12,43,43
ub3,0.001,5,29,43
ub3,0.001,7,29,43
ub3,0.001,9,29,43
ub3,0.001,12,34,43
ub5,0.01,5,41,43
ub5,0.01,7,43,43
ub5,0.01,9,43,43
ub5,0.01,12,43,43
ub5,0.001,5,29,43
ub5,0.001,7,29,43
ub5,0.001,9,29,43
ub5,0.001,12,34,43
weno5l,0.01,5,41,43
weno5l,0.01,7,43,43
weno5l,0.01,9,43,43
weno5l,0.01,12,43,43
weno5l,0.001,5,29,43
weno5l,0.001,7,29,43
weno5l,0.001,9,29,43
weno5l,0.001,12,34,43
